CLIENT_ID,REACTIVATION_SCORE,TOTAL_SALES,RECENCY_DAYS,FREQUENCY,SPEND_LAST_12M,SPEND_TOOL_SHARE,ACTIVE_SPAN_DAYS,RANK,SPEND_TIER,TOOL_SHARE_BIN
45138,0.8826601108089109,4950.45,821,23,0.0,0.9747780504800624,273,1,High,80-100%
17606,0.8644048264666648,2816.36,851,14,0.0,0.9555348037889491,243,2,High,80-100%
29642,0.8523893373490564,4485.64,790,14,0.0,0.8702392523695903,273,3,High,80-100%
20442,0.8496683514414853,783.65,790,4,0.0,0.85890384737975,304,4,High,80-100%
31424,0.8490645908232763,2417.57,882,14,0.0,0.9531016682036287,122,5,High,80-100%
58218,0.8485377660317069,2262.76,760,9,0.0,0.6875143629900266,275,6,High,60-80%
36014,0.846545906658176,1368.29,913,10,0.0,0.9508510622741152,181,7,High,80-100%
25095,0.8465266332658407,1624.66,913,10,0.0,0.9270985929357975,150,8,High,80-100%
28198,0.8449960109220584,1306.97,851,9,0.0,0.8696068004614722,184,9,High,80-100%
43353,0.8433347278049194,1823.3400000000001,821,19,0.0,0.6834326017085769,242,10,High,60-80%
66333,0.8430802613837401,4523.570000000001,760,15,0.0,0.9530680413918755,275,11,High,80-100%
50986,0.8422869522912797,164.1,790,3,0.0,0.0,304,12,Mid-Low,0-20%
34218,0.8386901561296839,1717.92,851,13,0.0,0.9484027195672974,243,13,High,80-100%
52873,0.8384444040228005,2898.06,790,14,0.0,0.8164047673268269,245,14,High,80-100%
4440,0.8381757972866477,1743.42,943,7,0.0,0.9439090982087255,151,15,High,80-100%
54236,0.8380951769689798,2108.79,943,16,0.0,0.9271904741577268,151,16,High,80-100%
64621,0.8378701328754035,1764.1100000000001,913,7,0.0,0.9999999999994331,181,17,High,80-100%
24263,0.8375453411668342,1082.49,790,5,0.0,0.19030198893274736,245,18,High,0-20%
44628,0.8364652564199208,2826.5699999999997,1063,16,0.0,0.9643525545091881,0,19,High,80-100%
42584,0.8343637006995197,5273.12,851,52,0.0,0.6795502472917969,243,20,High,60-80%
29041,0.8336199527016497,3371.2,974,2,0.0,0.9999999999997033,89,21,High,80-100%
60540,0.8335723545600244,1810.69,760,11,0.0,0.2416592569682046,275,22,High,20-40%
44239,0.8319177504930237,1367.71,882,10,0.0,0.6065467094628199,181,23,High,60-80%
40653,0.8311122851832049,890.8399999999999,790,5,0.0,0.6963989044040497,273,24,High,60-80%
23372,0.830772969472844,1523.63,821,9,0.0,0.9694545263607507,273,25,High,80-100%
57349,0.8298827892811184,2369.8,760,22,0.0,0.7694953160601024,303,26,High,60-80%
34254,0.8298232601419692,1787.82,1094,10,0.0,0.9132183329412842,0,27,High,80-100%
51257,0.8297156192764531,1881.13,790,15,0.0,0.7658481869935806,184,28,High,60-80%
33717,0.8292201302316312,2104.31,1094,15,0.0,0.9781305986280643,0,29,High,80-100%
68147,0.8286176233174878,2222.39,821,13,0.0,0.9504227430824697,122,30,High,80-100%
65433,0.8272285834140621,2625.26,1063,13,0.0,0.9398802404329705,0,31,High,80-100%
12473,0.8269317308798275,1587.17,943,11,0.0,0.8522905548864631,120,32,High,80-100%
21659,0.825300529138182,3137.77,821,18,0.0,0.9806869209658513,214,33,High,80-100%
28528,0.8246102628503311,3090.2,1004,34,0.0,0.9528024076108496,59,34,High,80-100%
64619,0.8243141802305614,1799.8600000000001,1094,14,0.0,0.9440623159573833,0,35,High,80-100%
815,0.823571925194368,1943.19,1004,14,0.0,0.8050576629146893,59,36,High,80-100%
53007,0.822030918690299,2731.26,1004,18,0.0,0.9676266631514511,31,37,High,80-100%
8888,0.8206430802139412,734.87,943,11,0.0,0.28694871201670097,92,38,High,20-40%
39118,0.8202739925615791,1487.23,913,7,0.0,0.933426571545132,122,39,High,80-100%
13614,0.8202282393651105,1635.42,882,8,0.0,0.9655256753610904,181,40,High,80-100%
9449,0.8198107839913753,1189.07,760,12,0.0,0.7775404307561561,244,41,High,60-80%
51990,0.8165427355565827,787.62,790,13,0.0,0.1578680074145427,184,42,High,0-20%
22107,0.8142874944928932,2474.05,1035,9,0.0,0.9612255209066264,0,43,High,80-100%
64008,0.8139959094388541,1676.99,913,15,0.0,0.9422059761829574,150,44,High,80-100%
40412,0.8134081787746938,133.78,760,2,0.0,0.0,303,45,Mid-Low,0-20%
26557,0.8123664934558653,2037.53,913,19,0.0,0.8133377177264564,122,46,High,80-100%
62160,0.8123059202571228,2356.5,943,10,0.0,0.9123488224057236,0,47,High,80-100%
34213,0.8115163363615796,454.6,760,15,0.0,0.5635503739538857,244,48,Mid-High,40-60%
44034,0.8106052441372954,1394.32,1004,12,0.0,0.9471857249405106,31,49,High,80-100%
11504,0.8089221230179643,2066.64,1004,10,0.0,0.9249554832961111,0,50,High,80-100%
42144,0.8076450046237326,3792.7300000000005,882,22,0.0,0.7874828949066274,122,51,High,60-80%
4492,0.807601224340969,1203.4,943,8,0.0,0.602218713644173,92,52,High,60-80%
15026,0.8058145515953281,523.79,760,4,0.0,0.4547814964003613,275,53,Mid-High,40-60%
58958,0.8056855059331267,1741.24,1063,11,0.0,0.8860352392542751,0,54,High,80-100%
3654,0.8052884725565462,2498.41,1035,13,0.0,0.933565747815237,0,55,High,80-100%
40443,0.8051147817230824,1524.67,1035,10,0.0,0.984777033718126,0,56,High,80-100%
28596,0.8050340075628817,5350.83,1004,1,0.0,0.999999999999813,0,57,High,80-100%
62765,0.804756923165759,5511.96,1035,42,0.0,0.7132471933757295,28,58,High,60-80%
43697,0.8043144390554546,2223.12,1063,20,0.0,0.9621432941087472,0,59,High,80-100%
54247,0.803220120941136,3371.2,1094,2,0.0,0.9999999999997033,0,60,High,80-100%
329,0.803117642197902,566.71,760,8,0.0,0.8665631451697225,275,61,Mid-High,80-100%
40353,0.8022151386850512,1369.93,1004,9,0.0,0.9633995897593575,0,62,High,80-100%
41686,0.8019919548317948,412.63,851,9,0.0,0.6223977897859526,123,63,Mid-High,60-80%
37910,0.8017511562316783,2852.8900000000003,913,14,0.0,0.9292927522614159,122,64,High,80-100%
2794,0.8010018215387266,1441.6499999999999,974,14,0.0,0.7187805639366567,30,65,High,60-80%
33830,0.7993515944845655,1267.81,1063,8,0.0,0.9562473872260384,0,66,High,80-100%
7970,0.7985187422924552,109.8,790,2,0.0,0.0,184,67,Mid-Low,0-20%
20792,0.7980016597270544,1995.63,1063,8,0.0,0.846138813306652,0,68,High,80-100%
46968,0.7958863607565948,2170.09,1004,8,0.0,0.9579833094475538,0,69,High,80-100%
32854,0.7952436746016063,2063.5099999999998,821,14,0.0,0.9123968383962702,183,70,High,80-100%
46932,0.7940336416996262,1104.44,851,11,0.0,0.6322570714564556,92,71,High,60-80%
24822,0.7934020853198154,1336.2,913,6,0.0,0.8429576410710651,91,72,High,80-100%
11924,0.793269916236074,1757.81,1004,12,0.0,0.8379403917369694,31,73,High,80-100%
20988,0.7929188312759277,2798.96,913,13,0.0,0.9283376682764569,91,74,High,80-100%
55872,0.7926409612410814,2179.6,821,10,0.0,0.9091622316017116,183,75,High,80-100%
61273,0.791943335741807,1060.65,974,9,0.0,0.9456276811380326,0,76,High,80-100%
63426,0.7906524096054536,5174.18,851,10,0.0,0.0,0,77,High,0-20%
66395,0.7889402847490604,2771.06,790,23,0.0,0.8313858234751931,245,78,High,80-100%
2461,0.7888047790522063,1501.9,974,8,0.0,0.9891803715287375,0,79,High,80-100%
11090,0.7885256116602276,1871.05,821,11,0.0,0.9061703321659463,0,80,High,80-100%
61976,0.7881667214555598,1435.31,790,6,0.0,0.8945245278017332,123,81,High,80-100%
28288,0.7872424637647326,695.04,760,5,0.0,0.8569434852658021,91,82,Mid-High,80-100%
32679,0.7859514223128444,1908.77,790,14,0.0,0.9566317576235185,245,83,High,80-100%
18104,0.7858199713544127,6630.8099999999995,821,24,0.0,0.7189347907720597,242,84,High,60-80%
33733,0.7855825118719565,2424.37,1063,11,0.0,0.8721688521137978,31,85,High,80-100%
67238,0.7839010424634714,1740.09,1004,14,0.0,0.9759150388767386,0,86,High,80-100%
35086,0.7830206078801076,1181.96,821,5,0.0,0.6432028156615763,183,87,High,60-80%
4541,0.7823787918994413,863.09,821,10,0.0,0.7304684331868861,183,88,High,60-80%
47259,0.7822820053005094,2960.9,851,16,0.0,0.7347293052785522,123,89,High,60-80%
16234,0.7820884931619567,1534.71,1004,12,0.0,0.9255429364499316,0,90,High,80-100%
16961,0.7819099560708943,1426.51,821,10,0.0,0.60582821010676,214,91,High,60-80%
44719,0.7816712012482812,1824.5,760,10,0.0,0.0,0,92,High,0-20%
51762,0.7812105491615676,1162.52,974,9,0.0,0.4987269036227345,89,93,High,40-60%
2057,0.7804508240460037,2071.87,1004,10,0.0,0.9377518859769496,0,94,High,80-100%
58642,0.779493763671226,2770.38,913,15,0.0,0.8903940975603021,150,95,High,80-100%
25449,0.7789882875509022,1248.83,1035,7,0.0,0.963317665333982,0,96,High,80-100%
36085,0.7788077531209026,881.59,913,11,0.0,0.9148016651721154,150,97,High,80-100%
3531,0.7787295176434667,1969.9,974,8,0.0,0.7661861008169114,30,98,High,60-80%
7292,0.7783569048099188,1988.03,821,12,0.0,0.932868216273933,0,99,High,80-100%
49199,0.7781168933611339,1017.14,1004,10,0.0,0.9231177615658384,0,100,High,80-100%
47576,0.7779886021097887,1922.22,913,10,0.0,0.9163259148271705,0,101,High,80-100%
62119,0.7775046034477162,2412.97,1004,7,0.0,0.7746884544769415,31,102,High,60-80%
31918,0.7766602173627424,521.0899999999999,1004,4,0.0,0.9146020840912039,90,103,Mid-High,80-100%
6217,0.7759673034814243,1456.05,1004,10,0.0,0.9239380515772646,0,104,High,80-100%
5576,0.7743904691169764,345.09000000000003,760,3,0.0,0.0,183,105,Mid-High,0-20%
48011,0.7742302180317067,3086.64,790,10,0.0,0.8518972086149172,214,106,High,80-100%
22288,0.7733515270295724,3846.3399999999997,760,22,0.0,0.9364616752546743,275,107,High,80-100%
57428,0.7730898244173022,1312.6299999999999,790,9,0.0,0.8211605707618893,61,108,High,80-100%
25736,0.7726386884964069,3434.5,913,14,0.0,0.8578628621339764,150,109,High,80-100%
46795,0.7714367525076165,2656.16,790,8,0.0,0.8786669477738998,0,110,High,80-100%
8475,0.7710499879883256,1821.42,760,13,0.0,0.8068704637037,303,111,High,80-100%
26586,0.7693438086332546,1141.89,943,9,0.0,0.9411064112997389,0,112,High,80-100%
49294,0.7689444914531157,1994.3,821,8,0.0,0.9426264854831556,0,113,High,80-100%
66222,0.7680231178071526,1429.7,882,14,0.0,0.6514723368534298,61,114,High,60-80%
71059,0.7676622269975678,2100.34,790,5,0.0,0.988963691592319,0,115,High,80-100%
49816,0.7674891669873204,1127.3899999999999,943,8,0.0,0.9653624743868889,0,116,High,80-100%
10597,0.7669585866076549,1818.61,913,11,0.0,0.5029610526718191,122,117,High,40-60%
5705,0.7667892798032127,1575.05,821,12,0.0,0.735043331957249,242,118,High,60-80%
46731,0.7660650491208839,1875.9299999999998,913,8,0.0,0.9413304334378462,0,119,High,80-100%
67648,0.7647556918991443,916.0,943,9,0.0,0.9370414847151343,31,120,High,80-100%
26221,0.7646536000331882,1158.51,760,6,0.0,0.6783713563105382,214,121,High,60-80%
3569,0.7642507469314204,2434.75,913,17,0.0,0.903226203922003,150,122,High,80-100%
67697,0.7640525430497815,1406.5900000000001,974,9,0.0,0.9648724930498831,0,123,High,80-100%
34151,0.763930303954076,992.25,943,3,0.0,0.8776215671444921,92,124,High,80-100%
22397,0.7623699736126279,1774.75,943,6,0.0,0.9559374559791768,0,125,High,80-100%
5613,0.7618935851041087,2084.34,943,8,0.0,0.8625847990246972,61,126,High,80-100%
40525,0.7617194425229037,852.16,1004,6,0.0,0.9999999999988265,90,127,High,80-100%
41311,0.7616794614471281,2003.9199999999998,882,4,0.0,0.8270340133334528,212,128,High,80-100%
35219,0.7615576256747288,1974.8000000000002,790,11,0.0,0.6177891432040623,273,129,High,60-80%
54337,0.760748379079824,1064.11,943,9,0.0,0.6795538055269853,0,130,High,60-80%
57301,0.7597265314218672,2918.3399999999997,821,16,0.0,0.6784918823712527,242,131,High,60-80%
62304,0.7592561555305641,2022.09,1063,15,0.0,0.8228318225198568,0,132,High,80-100%
62547,0.7592445708231527,2573.07,821,20,0.0,0.8559502850676989,273,133,High,80-100%
59269,0.759143595413674,384.9,1063,10,0.0,0.37648739932352177,0,134,Mid-High,20-40%
13560,0.7584222400212847,285.22999999999996,1094,7,0.0,0.8046839392742535,0,135,Mid-High,80-100%
52406,0.7580476314432741,1255.21,974,8,0.0,0.8926155782690605,0,136,High,80-100%
21391,0.757786266188556,2128.13,760,13,0.0,0.9348958945172827,0,137,High,80-100%
31589,0.7576512378186686,1820.77,790,10,0.0,0.7829270034102149,61,138,High,60-80%
4861,0.7574034694811506,661.79,790,7,0.0,0.7169343749516963,153,139,Mid-High,60-80%
34385,0.7571431540623684,1544.4,943,9,0.0,0.9999999999993525,0,140,High,80-100%
21350,0.7564417054765722,510.0,821,7,0.0,0.5279999999989646,30,141,Mid-High,40-60%
53254,0.7547310330086267,699.98,1063,9,0.0,0.8014657561633168,31,142,Mid-High,80-100%
59072,0.7547072874614837,3980.0,882,4,0.0,0.9621909547736276,0,143,High,80-100%
56603,0.7542642378195342,758.35,943,9,0.0,0.9140898002229656,0,144,High,80-100%
70022,0.7542371289112807,1710.8700000000001,790,11,0.0,0.9952480317025868,31,145,High,80-100%
20826,0.7537719771875838,1660.65,913,14,0.0,0.7193869870227204,30,146,High,60-80%
53966,0.753715276251023,1706.02,821,9,0.0,0.8629324392440517,214,147,High,80-100%
53823,0.7536700152913316,1102.2,1063,7,0.0,0.9854200689521091,0,148,High,80-100%
59391,0.7535337060597481,796.63,760,14,0.0,0.7506621643664554,303,149,High,60-80%
59719,0.7533261370606837,1786.17,821,11,0.0,0.9366073777966618,0,150,High,80-100%
26625,0.7523452837930795,2192.93,913,12,0.0,0.9585714090276669,0,151,High,80-100%
38179,0.7523430059652642,1502.21,790,10,0.0,0.8627222558757679,184,152,High,80-100%
50539,0.7522915503511313,6307.22,760,23,0.0,0.7518938613207163,303,153,High,60-80%
57170,0.7519237294937302,1155.3,851,10,0.0,0.841599584522772,0,154,High,80-100%
14670,0.7518496067034955,988.3900000000001,1063,10,0.0,0.913060633959355,0,155,High,80-100%
35487,0.7516682178217896,1054.8700000000001,760,7,0.0,0.8448624001053733,244,156,High,80-100%
52927,0.7508499755725364,24.650000000000002,760,18,0.0,0.0,334,157,Low,0-20%
45916,0.7505479607373461,2157.8,760,10,0.0,0.9365140420794621,153,158,High,80-100%
5266,0.750350904373919,1315.6200000000001,821,9,0.0,0.8150225749070287,0,159,High,80-100%
31343,0.7502070611032472,1234.66,943,5,0.0,0.8999886608451719,31,160,High,80-100%
21621,0.7501758448518223,1657.72,821,12,0.0,0.8839912651105832,30,161,High,80-100%
625,0.7501260442367848,973.7,821,6,0.0,0.9318475916597188,0,162,High,80-100%
42722,0.7497233566647867,750.87,1004,8,0.0,0.9232090774689051,0,163,High,80-100%
41698,0.7494387784952884,2769.63,913,17,0.0,0.9199387643833582,181,164,High,80-100%
37780,0.7494334590065382,1117.59,851,3,0.0,0.967680455264482,31,165,High,80-100%
17805,0.747380330139245,778.28,1063,9,0.0,0.8906948655999247,0,166,High,80-100%
36732,0.7473480174244522,2453.97,760,18,0.0,0.5918165258741583,303,167,High,40-60%
10826,0.7470808649839682,946.68,760,10,0.0,0.03894663455440175,183,168,High,0-20%
53920,0.7469993391945564,1018.9,974,5,0.0,0.9999999999990186,0,169,High,80-100%
56153,0.7465942062469118,470.81000000000006,790,7,0.0,0.028525307448804136,273,170,Mid-High,0-20%
10026,0.7462953293528843,1569.4,851,12,0.0,0.1718618580348083,243,171,High,0-20%
71259,0.7458798062674831,1640.02,760,5,0.0,0.854824941158733,0,172,High,80-100%
29302,0.7455728709764514,1678.61,821,13,0.0,0.8820333490203907,30,173,High,80-100%
64553,0.7448936920759129,1696.2,1004,12,0.0,0.8582596391929853,31,174,High,80-100%
10894,0.7443096109267191,1046.48,943,26,0.0,0.913634278723995,31,175,High,80-100%
55367,0.7438717589229592,1363.76,1004,9,0.0,0.9333753739654094,0,176,High,80-100%
64065,0.7437802623215285,1396.2,821,24,0.0,0.6732058444344126,122,177,High,60-80%
35905,0.7436954364282744,676.27,760,9,0.0,0.6344507371306809,61,178,Mid-High,60-80%
10946,0.7436687150348277,1356.12,943,6,0.0,0.8305754652974437,0,179,High,80-100%
68145,0.7436361477995953,1148.26,943,8,0.0,0.9544179889563738,0,180,High,80-100%
35807,0.743484054939761,1553.51,882,11,0.0,0.9418542526273138,0,181,High,80-100%
8151,0.7416657952767024,3186.68,913,11,0.0,0.9364354124038383,181,182,High,80-100%
68044,0.741436517682995,2450.23,943,18,0.0,0.9358509201173214,0,183,High,80-100%
40154,0.7402101969898583,492.17,882,4,0.0,0.0,0,184,Mid-High,0-20%
37269,0.7401112463477614,645.04,760,9,0.0,0.39814585141944975,153,185,Mid-High,20-40%
68873,0.7399880337986626,1405.7,913,11,0.0,0.8914135306246772,0,186,High,80-100%
15218,0.7396682773895579,2827.84,851,14,0.0,0.9411883274863708,0,187,High,80-100%
2099,0.7395212545082429,3065.26,882,12,0.0,0.5878065808445001,92,188,High,40-60%
64217,0.739183604060289,940.8,851,10,0.0,0.960767431971768,0,189,High,80-100%
60161,0.7383860140004715,788.37,1004,12,0.0,0.8792952547650478,59,190,High,80-100%
37142,0.7381741262174734,1365.69,790,16,0.0,0.18805146116601276,304,191,High,0-20%
9253,0.7379128659612202,1060.02,760,8,0.0,0.7181468274176731,334,192,High,60-80%
34782,0.7375297796612879,2277.38,821,15,0.0,0.8974259895138723,30,193,High,80-100%
65565,0.7371387802045404,2505.56,851,23,0.0,0.8854747042573775,184,194,High,80-100%
30245,0.7370956408921434,1000.87,851,6,0.0,0.8568945017825922,243,195,High,80-100%
49213,0.7366824275675787,1385.25,760,9,0.0,0.9469121097268025,214,196,High,80-100%
60994,0.7361941570473848,1621.71,821,9,0.0,0.0,242,197,High,0-20%
71024,0.7352263762614918,893.63,790,9,0.0,0.8745901547610593,0,198,High,80-100%
64892,0.7351774600785362,420.95,851,8,0.0,0.6469176861844711,243,199,Mid-High,60-80%
15377,0.735065440196561,1270.04,821,6,0.0,0.8605791943554058,0,200,High,80-100%
32683,0.734852099819814,2158.66,913,12,0.0,0.9408753578604594,0,201,High,80-100%
13926,0.7342659555408215,1246.5,760,15,0.0,0.5961251504207011,303,202,High,40-60%
110,0.7335016179514537,812.9,821,11,0.0,0.852761717307353,242,203,High,80-100%
70390,0.7334587939949198,1255.8899999999999,821,9,0.0,0.9816783317002431,0,204,High,80-100%
53630,0.7323784163902168,814.9300000000001,790,8,0.0,0.3092903684975283,0,205,High,20-40%
45030,0.7315890844886624,1515.1,821,9,0.0,0.834756781730028,0,206,High,80-100%
51672,0.7309237812214855,1451.9499999999998,851,9,0.0,0.900637074278797,0,207,High,80-100%
44116,0.7304848506145667,1788.45,760,12,0.0,0.6163381699233323,275,208,High,60-80%
14392,0.7304172490796955,3625.44,974,30,0.0,0.9248946334787157,0,209,High,80-100%
22893,0.7301939802176015,1269.81,821,9,0.0,0.9179168537017995,0,210,High,80-100%
5109,0.7301753702606186,1948.05,760,3,0.0,0.873458073457625,0,211,High,80-100%
65982,0.7300338948598746,2418.63,851,23,0.0,0.7252494180586839,184,212,High,60-80%
42633,0.7294766305591706,750.87,974,8,0.0,0.923195759584318,0,213,High,80-100%
52957,0.7294333878565088,688.05,821,5,0.0,0.9999999999985466,0,214,Mid-High,80-100%
22001,0.7289887365564106,597.6,760,10,0.0,0.6557396251662387,303,215,Mid-High,60-80%
19037,0.7286851655769786,2380.19,1035,17,0.0,0.7975329700566771,28,216,High,60-80%
47566,0.7281049623829852,1018.66,851,10,0.0,0.8586967192185236,0,217,High,80-100%
8912,0.7277188174820647,1904.42,821,11,0.0,0.923945348189515,0,218,High,80-100%
45648,0.7276737227259472,799.0,790,2,0.0,0.888172715893757,0,219,High,80-100%
59868,0.7274941989283975,805.0799999999999,821,8,0.0,0.8453694042817541,242,220,High,80-100%
40389,0.7270670707024486,779.88,760,5,0.0,0.9753936503039244,334,221,High,80-100%
19635,0.7267022845927558,934.0,851,2,0.0,0.8546573875793847,62,222,High,80-100%
65591,0.7266577227219239,680.78,1063,4,0.0,0.4819324892028528,0,223,Mid-High,40-60%
32832,0.7266207589205994,983.55,821,3,0.0,0.8741802653643697,122,224,High,80-100%
29557,0.7263335884822868,321.33,821,9,0.0,0.21772010083024393,273,225,Mid-High,20-40%
14793,0.726306755865345,2579.69,851,10,0.0,0.875004360988772,62,226,High,80-100%
29829,0.726226705359986,1657.71,790,8,0.0,0.9662124255744574,0,227,High,80-100%
59005,0.7258926210250141,89.94,974,3,0.0,0.9999999999888814,0,228,Low,80-100%
49270,0.7256899448226464,2234.02,760,11,0.0,0.8812633727536543,0,229,High,80-100%
38382,0.7256535098037582,1359.4299999999998,851,12,0.0,0.792420352647218,153,230,High,60-80%
53695,0.7256199276453045,970.19,913,12,0.0,0.8265597460282764,122,231,High,80-100%
27617,0.7255423541846153,2186.59,913,6,0.0,0.8731083559328118,30,232,High,80-100%
15517,0.7252756829668826,1477.58,821,5,0.0,0.587914021575422,273,233,High,40-60%
23017,0.7250366516172421,1735.77,851,6,0.0,0.9711079232842075,0,234,High,80-100%
55551,0.7246280025337035,2745.54,882,8,0.0,0.9166357073650659,0,235,High,80-100%
11532,0.7241654905376541,1765.89,851,8,0.0,0.6661513457799375,153,236,High,60-80%
41582,0.7240890306116101,785.8499999999999,790,2,0.0,0.7064579754397068,304,237,High,60-80%
9515,0.7240574269156622,2946.65,913,15,0.0,0.9497361410411994,0,238,High,80-100%
29535,0.7238843256888567,1122.82,1063,6,0.0,0.9263728825627203,0,239,High,80-100%
49694,0.7238163248249079,635.29,851,7,0.0,0.9999842591556612,184,240,Mid-High,80-100%
29556,0.7238147422727057,1344.38,851,10,0.0,0.7575090376227275,0,241,High,60-80%
49495,0.7237766595387368,1627.74,760,14,0.0,0.7195375182764326,183,242,High,60-80%
34527,0.72369001639012,1448.06,790,11,0.0,0.7942350455086155,31,243,High,60-80%
11786,0.7231361492949,130.04,790,3,0.0,0.0,0,244,Mid-Low,0-20%
19673,0.7230200221165385,362.26,790,9,0.0,0.12990669684720946,273,245,Mid-High,0-20%
28286,0.722682598464052,3651.33,974,9,0.0,0.9119225049500013,0,246,High,80-100%
36693,0.7216437258921865,438.17,790,4,0.0,0.0,0,247,Mid-High,0-20%
66372,0.7207973975263856,3159.78,821,24,0.0,0.9554209470276552,214,248,High,80-100%
68979,0.720612824461996,1614.46,760,8,0.0,0.9476791001319651,0,249,High,80-100%
28952,0.7205617532586596,977.91,974,7,0.0,0.8840588602214068,0,250,High,80-100%
35950,0.7205580804045746,1216.65,821,8,0.0,0.9280154522657067,0,251,High,80-100%
20651,0.7195781191312121,750.87,821,8,0.0,0.8507464674299802,0,252,High,80-100%
66234,0.7187965643330516,410.55,1035,2,0.0,0.9999999999975643,0,253,Mid-High,80-100%
28825,0.7185491565622187,853.62,1004,6,0.0,0.8609568660518018,0,254,High,80-100%
11054,0.7183659695409743,3378.41,760,28,0.0,0.716502733534202,334,255,High,60-80%
39401,0.7179440139810285,1112.47,851,11,0.0,0.8927072190702736,0,256,High,80-100%
70828,0.7176866105814125,1516.98,790,10,0.0,0.9340927368845112,0,257,High,80-100%
67667,0.7172414905086377,4381.66,760,14,0.0,0.7955227014417376,214,258,High,60-80%
65376,0.717104611756541,340.69,790,10,0.0,0.673691625816215,214,259,Mid-High,60-80%
44558,0.716898342467939,2983.36,913,15,0.0,0.9300553738064028,122,260,High,80-100%
5858,0.7165701582934714,205.09,882,1,0.0,0.9999999999951241,0,261,Mid-Low,80-100%
69452,0.71644218926269,1018.6600000000001,882,10,0.0,0.8609447705801142,0,262,High,80-100%
52587,0.7156594836533687,352.69,1035,2,0.0,0.0,0,263,Mid-High,0-20%
70003,0.7151909418315748,2845.0,821,10,0.0,0.9826291739891098,0,264,High,80-100%
67245,0.7150668416196323,2850.32,760,15,0.0,0.9512651211088751,244,265,High,80-100%
11805,0.7147313817312807,100.77,851,1,0.0,0.9999999999900764,0,266,Low,80-100%
55296,0.7144823423392352,1984.01,760,15,0.0,0.5580969853979778,303,267,High,40-60%
61512,0.7142289836870257,538.02,913,3,0.0,0.7075759265441665,0,268,Mid-High,60-80%
10836,0.7141515017487448,2083.98,760,14,0.0,0.8806418487697192,30,269,High,80-100%
46787,0.7140972335342134,1640.83,851,12,0.0,0.0,153,270,High,0-20%
46794,0.7139766752259515,1188.59,851,14,0.0,0.651410494787394,243,271,High,60-80%
18100,0.7137752872073284,739.5,974,9,0.0,0.8943475321150854,0,272,High,80-100%
35090,0.7137200484386578,163.99,882,3,0.0,0.0,0,273,Mid-Low,0-20%
71032,0.7132116192725904,471.21000000000004,790,4,0.0,0.9999999999978778,0,274,Mid-High,80-100%
42547,0.7131556633700423,67.52,821,1,0.0,0.0,0,275,Low,0-20%
10352,0.7129401183480422,2600.75,1063,2,0.0,0.9999999999996155,0,276,High,80-100%
24060,0.7124202023249159,1819.58,760,12,0.0,0.43154464216993393,275,277,High,40-60%
42497,0.712301725330723,329.46,913,7,0.0,0.0,0,278,Mid-High,0-20%
30671,0.7117165120700621,2750.61,974,4,0.0,0.8450489164218682,89,279,High,80-100%
39200,0.7114898885827337,2032.2999999999997,882,6,0.0,0.8286867096389172,0,280,High,80-100%
34505,0.7114127184792087,1608.09,913,7,0.0,0.9575707827292269,0,281,High,80-100%
36587,0.7112960732960731,825.39,1094,5,0.0,0.9999999999987884,0,282,High,80-100%
37070,0.7112193242969954,1065.55,821,6,0.0,0.9999999999990615,0,283,High,80-100%
9740,0.7109076839883194,498.99,913,3,0.0,0.0,0,284,Mid-High,0-20%
39350,0.7107951128472726,918.0,760,3,0.0,0.9167647058813543,0,285,High,80-100%
32660,0.7103353189604029,852.44,913,5,0.0,0.968901037021997,0,286,High,80-100%
64394,0.7100130141249714,1018.66,760,10,0.0,0.8609447705801142,0,287,High,80-100%
17317,0.7096961067484328,2065.67,821,13,0.0,0.8984252082854964,0,288,High,80-100%
51548,0.7093859553067786,750.87,1004,8,0.0,0.9232090774689051,0,289,High,80-100%
47295,0.7091700406768396,1479.08,1004,8,0.0,0.8572423398322895,90,290,High,80-100%
15961,0.7091495734480188,359.9,943,2,0.0,0.9999999999972214,0,291,Mid-High,80-100%
53509,0.7091441440993937,129.3,790,2,0.0,0.0,0,292,Mid-Low,0-20%
22696,0.7088858381317998,288.63,821,12,0.0,0.0,273,293,Mid-High,0-20%
29979,0.7088214119690246,1507.5700000000002,821,12,0.0,0.7631287436067558,30,294,High,60-80%
2002,0.7086441710924001,404.17,760,3,0.0,0.7455773560611981,0,295,Mid-High,60-80%
40898,0.7086098602202906,291.49,943,1,0.0,0.9999999999965694,0,296,Mid-High,80-100%
47571,0.7084811957260493,2290.95,790,12,0.0,0.8904253693878564,0,297,High,80-100%
54170,0.7084444511498437,2752.99,1004,8,0.0,0.9001231388414415,0,298,High,80-100%
46568,0.7082080752994124,724.44,790,7,0.0,0.0,184,299,High,0-20%
68199,0.7079965197510496,567.11,943,4,0.0,0.9856641568637731,0,300,Mid-High,80-100%
20801,0.7077214332317371,199.70999999999998,1094,6,0.0,0.0,0,301,Mid-Low,0-20%
71184,0.7076134698229406,3340.8,760,14,0.0,0.8981261973177388,30,302,High,80-100%
9351,0.7075549379434538,5477.96,821,13,0.0,0.8910415556154314,242,303,High,80-100%
63258,0.7074615948076007,2029.67,821,14,0.0,0.8995206117246155,273,304,High,80-100%
20116,0.7071146754162813,309.46,1004,2,0.0,0.9388289278066994,0,305,Mid-High,80-100%
13361,0.7070567703526416,778.24,760,2,0.0,0.8939787212159566,0,306,High,80-100%
26571,0.7064459501957828,469.64,821,5,0.0,0.5125841069744643,273,307,Mid-High,40-60%
29624,0.7056673324725453,1358.2,974,14,0.0,0.9005080253269766,0,308,High,80-100%
48184,0.7054975662122119,153.61,974,2,0.0,0.0,0,309,Mid-Low,0-20%
63513,0.7053798146029583,4457.400000000001,974,25,0.0,0.8126576030868189,120,310,High,80-100%
20889,0.7053317617596515,1180.67,943,6,0.0,0.9612423454471095,0,311,High,80-100%
9142,0.7051164382271174,3471.81,913,45,0.0,0.49853246577419313,150,312,High,40-60%
8733,0.7046448794019111,965.22,790,15,0.0,0.7988645075725753,273,313,High,60-80%
365,0.7043313484699157,858.68,1094,6,0.0,0.9434830204488943,0,314,High,80-100%
52970,0.7040541326906979,98.14,1035,2,0.0,0.0,0,315,Low,0-20%
68959,0.7039329480911216,1549.55,913,14,0.0,0.9206995579355808,0,316,High,80-100%
19809,0.7038822386761374,122.42999999999999,851,3,0.0,0.3861798578748168,123,317,Mid-Low,20-40%
8518,0.7033721668964337,42.2,851,3,0.0,0.0,0,318,Low,0-20%
1516,0.7033216725624639,723.12,913,1,0.0,0.9999999999986171,0,319,High,80-100%
2588,0.7033002923353068,659.87,882,5,0.0,0.9651901132026532,0,320,Mid-High,80-100%
30240,0.7029220288607242,772.2,943,4,0.0,0.9894716394703581,0,321,High,80-100%
51855,0.7027771668026666,1588.8,760,7,0.0,0.9670128398785454,334,322,High,80-100%
40459,0.702666598292805,909.19,821,3,0.0,0.7444868509324294,0,323,High,60-80%
55690,0.7021035988713652,750.87,821,8,0.0,0.8507464674299802,0,324,High,80-100%
235,0.7017011228404114,778.05,790,11,0.0,0.36345993188051745,214,325,High,20-40%
70784,0.7015251416712186,1163.9,790,4,0.0,0.9999999999991408,0,326,High,80-100%
8015,0.701259893025682,3978.17,851,16,0.0,0.975159432603188,92,327,High,80-100%
25283,0.7012114174410131,1484.75,882,14,0.0,0.8705438626025455,61,328,High,80-100%
22237,0.7012033481681224,616.4200000000001,821,5,0.0,0.9662405502725964,0,329,Mid-High,80-100%
16284,0.7010640986458542,1769.08,882,3,0.0,0.9012198430817706,61,330,High,80-100%
49354,0.7008198402269584,821.38,821,9,0.0,0.3771457790543023,273,331,High,20-40%
48539,0.7005553508144418,1260.6000000000001,882,12,0.0,0.456116135173365,181,332,High,40-60%
10119,0.7005451506370354,368.61,760,5,0.0,0.0,0,333,Mid-High,0-20%
62404,0.7001768039194187,177.97,821,4,0.0,0.0,30,334,Mid-Low,0-20%
39664,0.7000234533245859,1270.5,821,5,0.0,0.9033215269571797,0,335,High,80-100%
34994,0.6998899025976729,161.57999999999998,943,2,0.0,0.0,0,336,Mid-Low,0-20%
58645,0.6997134924583791,1153.41,943,10,0.0,0.4139898214854961,61,337,High,40-60%
58412,0.6993649247308312,442.45,790,4,0.0,0.6115493276062571,0,338,Mid-High,60-80%
21826,0.699362796946317,2383.29,821,13,0.0,0.8700745607958452,242,339,High,80-100%
25445,0.6992569695336394,1232.84,790,10,0.0,0.9662405502733801,0,340,High,80-100%
17440,0.6992416324444934,356.33000000000004,913,2,0.0,0.0,0,341,Mid-High,0-20%
3595,0.6991761163306089,1646.3600000000001,882,5,0.0,0.9711302509773251,0,342,High,80-100%
67649,0.6991516096485328,1850.0,974,4,0.0,0.9324594594589554,0,343,High,80-100%
61767,0.6991146439167936,189.4,1035,2,0.0,0.9999999999947202,0,344,Mid-Low,80-100%
42093,0.6985561444726696,126.96999999999998,821,3,0.0,0.0,214,345,Mid-Low,0-20%
35266,0.6983789755234349,2439.06,913,17,0.0,0.9726779989008173,0,346,High,80-100%
11367,0.6977709798288246,2800.6,821,10,0.0,0.3244768978074968,273,347,High,20-40%
60556,0.6976121293479148,136.62,943,2,0.0,0.0,0,348,Mid-Low,0-20%
5219,0.6976068144176614,3466.1099999999997,790,10,0.0,0.8758781458173931,31,349,High,80-100%
15168,0.6970196168949376,361.94,913,2,0.0,0.2717577499025481,0,350,Mid-High,20-40%
14717,0.6968954654520206,804.13,1035,8,0.0,0.5892330842020703,59,351,High,40-60%
30421,0.6968722172667293,362.06,760,5,0.0,0.7794012042181423,122,352,Mid-High,60-80%
55697,0.6967064269720965,1548.1,821,13,0.0,0.9331180156314623,0,353,High,80-100%
32916,0.6966757303672222,493.41,760,3,0.0,0.9397458503051422,0,354,Mid-High,80-100%
53407,0.6965152166379434,1270.5,1004,5,0.0,0.8865486029115416,0,355,High,80-100%
34906,0.6963750409034211,918.0,974,3,0.0,0.9821241830054661,0,356,High,80-100%
49696,0.6963616805978449,491.54,1035,18,0.0,0.7061276803501116,28,357,Mid-High,60-80%
36242,0.6956261642278492,138.35999999999999,882,2,0.0,0.9999999999927726,0,358,Mid-Low,80-100%
1061,0.6954597371852242,576.4,1004,8,0.0,0.9671061762648038,0,359,Mid-High,80-100%
68801,0.6952059419638787,396.55,913,2,0.0,0.83817929642961,0,360,Mid-High,80-100%
10696,0.6950270360302265,283.35,821,3,0.0,0.0,0,361,Mid-High,0-20%
5678,0.6949602326395027,2187.19,760,17,0.0,0.657551470150898,61,362,High,60-80%
23152,0.6948974635265577,217.65,882,5,0.0,0.0,212,363,Mid-Low,0-20%
64042,0.6947677866430543,151.04,1063,1,0.0,0.0,0,364,Mid-Low,0-20%
20027,0.6946832785298632,160.0,821,1,0.0,0.0,0,365,Mid-Low,0-20%
27490,0.6946322560577299,2067.86,821,7,0.0,0.9681361407440696,0,366,High,80-100%
17353,0.6943762650270099,98.59,1063,2,0.0,0.0,0,367,Low,0-20%
62699,0.6943560509938946,4695.35,760,18,0.0,0.9101621817327973,153,368,High,80-100%
37305,0.694332801418047,1016.7199999999999,760,5,0.0,0.6038732394360258,0,369,High,60-80%
36474,0.69404971787751,1434.24,943,6,0.0,0.5400769745645498,151,370,High,40-60%
45114,0.693234729667702,493.62,913,1,0.0,0.9999999999979742,0,371,Mid-High,80-100%
16963,0.692939734903041,2777.4100000000003,1004,6,0.0,0.9388062979535111,59,372,High,80-100%
25451,0.6928832684762846,1103.54,760,6,0.0,0.8777117277118386,0,373,High,80-100%
24293,0.6928120244383754,1270.5,943,5,0.0,0.9033215269571797,0,374,High,80-100%
31734,0.6925733497631411,784.79,790,6,0.0,0.6600364428692261,273,375,High,60-80%
61843,0.6924740159368769,850.4100000000001,790,6,0.0,0.7764725250164315,31,376,High,60-80%
43200,0.6917721966877525,680.47,913,5,0.0,0.965994092317125,0,377,Mid-High,80-100%
24077,0.6913995496733826,612.04,913,4,0.0,0.9621920135923107,0,378,Mid-High,80-100%
5114,0.6907484789302129,1129.8500000000001,760,12,0.0,0.8555560472621538,0,379,High,80-100%
12791,0.690595274328332,345.14,851,7,0.0,0.0,0,380,Mid-High,0-20%
7591,0.6905860976787609,130.75,913,4,0.0,0.0,0,381,Mid-Low,0-20%
68680,0.6904446247887691,680.47,913,5,0.0,0.965994092317125,0,382,Mid-High,80-100%
18416,0.6903203121146878,130.0,821,1,0.0,0.9999999999923078,0,383,Mid-Low,80-100%
12652,0.6902692813390443,823.05,790,6,0.0,0.6803960877216689,245,384,High,60-80%
13062,0.6901335363949357,2451.9300000000003,790,15,0.0,0.5455253616536583,184,385,High,40-60%
27401,0.6898488507742014,100.0,974,1,0.0,0.99999999999,0,386,Low,80-100%
17622,0.6898405802875425,39.87,790,1,0.0,0.0,0,387,Low,0-20%
56207,0.6897100813021659,985.24,913,4,0.0,0.707979781575344,91,388,High,60-80%
11403,0.6892545064200757,82.49000000000001,790,2,0.0,0.8712571220648411,0,389,Low,80-100%
33949,0.6887740760527219,394.49,943,2,0.0,0.835382392453965,0,390,Mid-High,80-100%
69208,0.6885778611467828,777.78,882,4,0.0,0.8385790326302572,0,391,High,80-100%
59699,0.6885745563752046,2193.9,913,2,0.0,0.9999999999995441,0,392,High,80-100%
4200,0.6884571395994223,2137.46,851,17,0.0,0.7444022344274306,0,393,High,60-80%
50202,0.6881042212739686,813.69,760,9,0.0,0.7917019995320187,30,394,High,60-80%
56707,0.6878819611109648,866.84,851,3,0.0,0.7367218863911025,0,395,High,60-80%
54287,0.6877484425215865,72.15,790,3,0.0,0.0,0,396,Low,0-20%
60662,0.6877387858755847,268.87,1063,2,0.0,0.8675568118389275,0,397,Mid-High,80-100%
236,0.6869097573181574,138.59,790,3,0.0,0.0,273,398,Mid-Low,0-20%
62123,0.6866607915668882,534.6,974,4,0.0,0.9460531238291319,61,399,Mid-High,80-100%
47659,0.6865409494533558,955.3199999999999,974,4,0.0,0.7211405602303719,30,400,High,60-80%
20532,0.6864472456045155,463.17,974,1,0.0,0.999999999997841,0,401,Mid-High,80-100%
41069,0.686126888409075,116.04,974,2,0.0,0.8692692175037119,0,402,Mid-Low,80-100%
29446,0.6859848856414937,144.16,943,1,0.0,0.0,0,403,Mid-Low,0-20%
34648,0.6859363394664352,899.11,1004,5,0.0,0.9771329425754612,0,404,High,80-100%
41388,0.6858503010333244,799.0,851,2,0.0,0.847158948684797,0,405,High,80-100%
57102,0.6857266003672631,474.79,851,16,0.0,0.5195770761799542,184,406,Mid-High,40-60%
14200,0.6856885426382571,782.66,1035,6,0.0,0.7849640967970958,0,407,High,60-80%
71392,0.6856339931442731,784.41,790,2,0.0,0.9581213905980824,0,408,High,80-100%
43310,0.6850528006432316,134.68,1094,3,0.0,0.0,0,409,Mid-Low,0-20%
69419,0.6847173765656268,466.04,882,16,0.0,0.5510685778032979,0,410,Mid-High,40-60%
7775,0.6845212614969322,804.65,790,6,0.0,0.0,304,411,High,0-20%
62506,0.6844061361264482,1849.88,760,29,0.0,0.19460721776537146,303,412,High,0-20%
37424,0.6840831219793008,158.75,913,2,0.0,0.0,0,413,Mid-Low,0-20%
70608,0.6840171855574323,903.5300000000001,821,3,0.0,0.9343242615066082,0,414,High,80-100%
19237,0.6839802669811635,204.42,1063,1,0.0,0.0,0,415,Mid-Low,0-20%
70159,0.6839770385607034,1681.43,821,10,0.0,0.8915982229406567,0,416,High,80-100%
4755,0.6839510784787691,110.0,974,3,0.0,0.6628181818121561,0,417,Mid-Low,60-80%
39329,0.6837961933407579,101.96,943,1,0.0,0.9999999999901922,0,418,Mid-Low,80-100%
47513,0.683762444265658,291.17,974,10,0.0,0.689562798362848,0,419,Mid-High,60-80%
15784,0.6835721877666976,590.5,821,4,0.0,0.8564098221831391,0,420,Mid-High,80-100%
50425,0.6835188334848221,251.58,943,2,0.0,0.8999125526635666,0,421,Mid-Low,80-100%
68409,0.6831473220581142,676.08,943,4,0.0,0.746509288840453,0,422,Mid-High,60-80%
15930,0.6826285932848893,799.0,943,2,0.0,0.9506633291602621,0,423,High,80-100%
45419,0.6824156432779636,1583.6000000000001,790,16,0.0,0.9592510735028043,0,424,High,80-100%
17988,0.681925009927654,1423.49,882,8,0.0,0.9198238133032758,0,425,High,80-100%
8643,0.6812063883814622,999.0,943,10,0.0,0.9148748748739591,0,426,High,80-100%
47267,0.6811216176412829,1327.01,974,9,0.0,0.18993828230368276,0,427,High,0-20%
67961,0.6808934907289553,110.19,790,1,0.0,0.0,0,428,Mid-Low,0-20%
56278,0.6808641101204493,41.38,851,1,0.0,0.0,0,429,Low,0-20%
3539,0.6807244426190823,216.3,790,1,0.0,0.9999999999953768,0,430,Mid-Low,80-100%
24848,0.6805579551378165,1965.24,882,10,0.0,0.9170737416290544,181,431,High,80-100%
13342,0.6800398098042433,319.6,790,9,0.0,0.8035669586958586,31,432,Mid-High,80-100%
34615,0.6799583076198394,269.65,1094,2,0.0,0.9293528648213264,0,433,Mid-High,80-100%
1097,0.679946235914886,269.42,943,3,0.0,0.0,0,434,Mid-High,0-20%
63684,0.6798025607834021,719.99,943,7,0.0,0.0,151,435,Mid-High,0-20%
35247,0.6797143111205508,1792.35,913,12,0.0,0.9040756548660116,0,436,High,80-100%
3699,0.6791496228411744,606.7,760,8,0.0,0.5768913795935768,244,437,Mid-High,40-60%
64479,0.6791319706146087,85.24,913,1,0.0,0.0,0,438,Low,0-20%
61199,0.6788395369243271,234.11,851,5,0.0,0.0,0,439,Mid-Low,0-20%
42609,0.6787597753720991,5010.24,821,9,0.0,0.9651633454682879,0,440,High,80-100%
44419,0.6785132958610974,225.12,851,3,0.0,0.2930437100200203,184,441,Mid-Low,20-40%
8512,0.6784552743093482,1335.86,974,4,0.0,0.8032653122327166,61,442,High,80-100%
45675,0.678421926695541,1076.23,760,11,0.0,0.8323313789795561,0,443,High,80-100%
1847,0.6782446685696416,1514.65,974,8,0.0,0.687947710691785,120,444,High,60-80%
19800,0.6782196360194078,191.62,943,1,0.0,0.0,0,445,Mid-Low,0-20%
32943,0.6779919781368967,1653.79,1063,6,0.0,0.918532582733649,0,446,High,80-100%
53014,0.677697945387073,240.73,1004,1,0.0,0.999999999995846,0,447,Mid-Low,80-100%
1756,0.6775036352924949,115.96000000000001,974,3,0.0,0.7239565367305626,0,448,Mid-Low,60-80%
11727,0.6775024621343329,701.34,943,6,0.0,0.8782901303207028,151,449,Mid-High,80-100%
39098,0.6774050440603879,827.9300000000001,943,2,0.0,0.8608094887238525,0,450,High,80-100%
38035,0.6773739068902478,232.78,1035,4,0.0,0.9999999999957041,0,451,Mid-Low,80-100%
25646,0.677226909349918,1128.49,821,10,0.0,0.6540509884884633,214,452,High,60-80%
60586,0.6771658574350082,50.85,821,1,0.0,0.0,0,453,Low,0-20%
19311,0.6771063142356945,122.78,790,2,0.0,0.8207362762598083,0,454,Mid-Low,80-100%
66352,0.6766819899000546,373.3,974,6,0.0,0.0,0,455,Mid-High,0-20%
60574,0.6766134720030222,85.35,1094,2,0.0,0.0,0,456,Low,0-20%
17251,0.6765964507945824,1714.68,974,3,0.0,0.8752361956744843,30,457,High,80-100%
8527,0.6761061886800981,265.75,821,3,0.0,0.9999623706453435,0,458,Mid-High,80-100%
2561,0.6755917977347873,1294.53,821,4,0.0,0.6182552741144521,214,459,High,60-80%
60492,0.6752877411117258,770.28,790,12,0.0,0.5111258243748882,245,460,High,40-60%
50343,0.6752619705983329,1284.1,821,3,0.0,0.8360641694565563,0,461,High,80-100%
32274,0.6752124030998133,129.32,974,1,0.0,0.0,0,462,Mid-Low,0-20%
59217,0.6751789815683583,1008.9300000000001,943,8,0.0,0.5203532455170127,92,463,High,40-60%
10424,0.6750768818011823,316.39000000000004,1063,2,0.0,0.9603653718481608,0,464,Mid-High,80-100%
28867,0.675057599461206,850.9300000000001,760,10,0.0,0.27588638313342356,214,465,High,20-40%
40413,0.6750408645810457,66.45,943,1,0.0,0.0,0,466,Low,0-20%
5390,0.6749701687221364,4121.8,851,16,0.0,0.562919113008743,153,467,High,40-60%
46238,0.6747027224375904,606.28,790,5,0.0,0.0,245,468,Mid-High,0-20%
67382,0.6743255380595805,318.09000000000003,851,4,0.0,0.21484485522897656,123,469,Mid-High,20-40%
57537,0.6741371862349534,156.75,1035,2,0.0,0.17843700159375797,0,470,Mid-Low,0-20%
55680,0.6737812434711744,112.96,790,4,0.0,0.1974150141625583,273,471,Mid-Low,0-20%
48387,0.6735056410367686,216.11,1094,3,0.0,0.0,0,472,Mid-Low,0-20%
50860,0.6734293861105355,156.06,851,2,0.0,0.8892733563956858,0,473,Mid-Low,80-100%
71586,0.6727200351161728,613.81,760,2,0.0,0.8308760039738179,0,474,Mid-High,80-100%
35814,0.6726294183437479,703.3699999999999,1035,3,0.0,0.8198814279812618,0,475,Mid-High,80-100%
44657,0.6722715861640675,11.69,790,1,0.0,0.0,0,476,Low,0-20%
57217,0.6721360129730334,813.5400000000001,913,8,0.0,0.9647220788148527,0,477,High,80-100%
12899,0.6720236566038671,404.84000000000003,821,7,0.0,0.0,183,478,Mid-High,0-20%
34183,0.6719368660321752,1384.43,790,3,0.0,0.0,0,479,High,0-20%
48238,0.6719314975362541,327.15,821,7,0.0,0.15414947271846507,273,480,Mid-High,0-20%
36252,0.6718884828645909,708.47,821,5,0.0,0.5941112538278345,183,481,Mid-High,40-60%
59627,0.6718699309344963,632.62,821,4,0.0,0.9999999999984193,0,482,Mid-High,80-100%
65054,0.6718349045682874,395.23,1094,3,0.0,0.5843685954998751,0,483,Mid-High,40-60%
48642,0.6717511355906072,902.3,760,21,0.0,0.2895267649337366,303,484,High,20-40%
26990,0.6716876511614678,131.05,790,3,0.0,0.0,184,485,Mid-Low,0-20%
69504,0.6714627972083366,749.0,851,1,0.0,0.9999999999986648,0,486,High,80-100%
35013,0.6712007069997564,1223.14,790,7,0.0,0.8939614434971516,273,487,High,80-100%
54278,0.6711743342113204,121.64,974,1,0.0,0.0,0,488,Mid-Low,0-20%
35316,0.6710473440516672,666.23,974,4,0.0,0.7730063191378758,30,489,Mid-High,60-80%
39028,0.6710326842129779,678.8900000000001,913,2,0.0,0.8240657543919868,0,490,Mid-High,80-100%
42061,0.6709108278955261,487.75,1035,10,0.0,0.0,0,491,Mid-High,0-20%
58164,0.6708505566069218,54.12,974,1,0.0,0.0,0,492,Low,0-20%
46344,0.6703720001914775,787.71,1004,5,0.0,0.7197699661033632,59,493,High,60-80%
15057,0.6701481976502889,67.23,943,1,0.0,0.0,0,494,Low,0-20%
33696,0.6701371529095157,297.64,882,1,0.0,0.9999999999966402,0,495,Mid-High,80-100%
54803,0.670098458826131,568.45,790,5,0.0,0.6298003342411297,214,496,Mid-High,60-80%
47355,0.669926347760728,545.39,790,6,0.0,0.0,0,497,Mid-High,0-20%
23664,0.6696688117792408,236.75,821,7,0.0,0.0,242,498,Mid-Low,0-20%
41588,0.6695654732100803,122.16,974,2,0.0,0.0,0,499,Mid-Low,0-20%
48257,0.6688439891197709,59.6,1094,2,0.0,0.0,0,500,Low,0-20%
16897,0.6688213037845281,882.01,974,2,0.0,0.9320189113491547,0,501,High,80-100%
3275,0.6687578463811366,1980.75,760,15,0.0,0.8621229332319262,30,502,High,80-100%
38480,0.6685751151443037,2144.19,851,19,0.0,0.7270204599402447,243,503,High,60-80%
7105,0.6685350941010203,71.43,1004,2,0.0,0.0,0,504,Low,0-20%
41156,0.668531121760311,223.25,974,4,0.0,0.31399776035693616,0,505,Mid-Low,20-40%
15453,0.6683123150903808,1786.68,851,11,0.0,0.8040891485879933,243,506,High,80-100%
2850,0.6680856481350128,330.79,943,5,0.0,0.6733577193969789,0,507,Mid-High,60-80%
54087,0.6680684289271801,2703.47,760,8,0.0,0.6955875227020475,275,508,High,60-80%
32597,0.6679787074569206,804.73,851,8,0.0,0.9769860698607272,153,509,High,80-100%
67906,0.6679057628208607,618.67,821,4,0.0,0.8918324793494241,0,510,Mid-High,80-100%
57368,0.667864164127737,855.12,821,2,0.0,0.8610019646355354,0,511,High,80-100%
55285,0.6677445878994932,432.8,760,8,0.0,0.8876386321606109,0,512,Mid-High,80-100%
68982,0.666943807639202,1925.81,913,23,0.0,0.8428349629502169,0,513,High,80-100%
22576,0.6668952867312867,1037.4299999999998,790,5,0.0,0.5884059647392226,304,514,High,40-60%
42638,0.6665794332280277,1397.01,790,9,0.0,0.6889141810003586,273,515,High,60-80%
3789,0.6663721042320676,383.58,913,2,0.0,0.0,0,516,Mid-High,0-20%
34263,0.6662858843205167,315.4,821,2,0.0,0.0,92,517,Mid-High,0-20%
36753,0.6660178357112982,1496.31,851,15,0.0,0.914462912096481,0,518,High,80-100%
32360,0.6659964087672078,2131.72,913,4,0.0,0.7764856547760604,0,519,High,60-80%
56882,0.6657618511817758,217.85999999999999,943,5,0.0,0.12232626457301789,31,520,Mid-Low,0-20%
52644,0.6652425558823223,2278.67,760,16,0.0,0.9325220413658263,0,521,High,80-100%
28457,0.6651636271426458,1176.7,1004,12,0.0,0.14812611540736967,90,522,High,0-20%
52994,0.6648840610807013,215.41000000000003,821,2,0.0,0.0,0,523,Mid-Low,0-20%
13509,0.6646770718775551,402.33,913,6,0.0,0.6291352869519321,0,524,Mid-High,60-80%
6459,0.6644725175775108,118.61,1035,3,0.0,0.0,0,525,Mid-Low,0-20%
12952,0.6644147220421203,486.17,821,11,0.0,0.45897525556809565,273,526,Mid-High,40-60%
7915,0.6643637216158229,433.14,913,5,0.0,0.28648935678929105,150,527,Mid-High,20-40%
40598,0.6643199646294955,491.31,913,3,0.0,0.5130162219362256,0,528,Mid-High,40-60%
21914,0.6640264174269849,459.63,851,9,0.0,0.25261623479700496,62,529,Mid-High,20-40%
6281,0.6639468236877148,113.64,1063,2,0.0,0.0,0,530,Mid-Low,0-20%
68576,0.6636196825939434,323.32,913,6,0.0,0.7836508721984918,0,531,Mid-High,60-80%
5823,0.6632788543073164,363.59000000000003,1063,5,0.0,0.9999999999972496,0,532,Mid-High,80-100%
20517,0.6631818446829103,153.48,1063,4,0.0,0.0,0,533,Mid-Low,0-20%
14841,0.6630681323692911,468.65,1063,1,0.0,0.9999999999978663,0,534,Mid-High,80-100%
50376,0.662956297948815,1519.67,760,16,0.0,0.6586100929802795,303,535,High,60-80%
10661,0.6629169501968583,3911.46,943,14,0.0,0.7427175530362722,151,536,High,60-80%
16423,0.6629099770162931,412.81,760,9,0.0,0.3124924299306885,214,537,Mid-High,20-40%
10707,0.6625455102763682,690.77,790,9,0.0,0.0,245,538,Mid-High,0-20%
61474,0.6624061838261716,751.56,760,1,0.0,0.9999999999986694,0,539,High,80-100%
34126,0.6623599435787346,4481.790000000001,1094,4,0.0,0.967867749269607,0,540,High,80-100%
34570,0.6622309810889855,154.19,1063,1,0.0,0.0,0,541,Mid-Low,0-20%
11853,0.6621435008090211,1270.6,760,10,0.0,0.899779631669369,244,542,High,80-100%
69135,0.6617515404044236,1544.77,851,17,0.0,0.7200036251346673,62,543,High,60-80%
12949,0.6615792438962179,526.78,1004,7,0.0,0.14000151866027563,90,544,Mid-High,0-20%
69751,0.6615620521752137,3349.23,851,15,0.0,0.7975504817522842,0,545,High,60-80%
8750,0.6615206642957249,349.78000000000003,851,2,0.0,0.0,0,546,Mid-High,0-20%
7627,0.661296434463158,292.32,974,2,0.0,0.7958401751477975,0,547,Mid-High,60-80%
6119,0.6612354752678021,120.24,913,1,0.0,0.0,0,548,Mid-Low,0-20%
191,0.6611690044468558,1022.2500000000001,1035,3,0.0,0.8034629493755897,0,549,High,80-100%
26823,0.6611287322485181,265.15,943,8,0.0,0.3960399773698056,31,550,Mid-High,20-40%
361,0.6609479628357412,2395.87,790,8,0.0,0.7565602474254628,304,551,High,60-80%
17664,0.6608030866099184,52.54,974,1,0.0,0.0,0,552,Low,0-20%
57410,0.6607562366520155,43.29,1004,2,0.0,0.0,31,553,Low,0-20%
34142,0.6604356695495409,35.79,943,1,0.0,0.0,0,554,Low,0-20%
52342,0.6602846062540533,118.6,974,6,0.0,0.298397976388715,0,555,Mid-Low,20-40%
20835,0.6602706817198846,1154.3600000000001,882,4,0.0,0.9999999999991337,0,556,High,80-100%
8576,0.6601376037180795,829.3199999999999,760,6,0.0,0.08892827858958072,303,557,High,0-20%
2895,0.6600515399642545,1959.64,1004,11,0.0,0.8081178175579147,59,558,High,80-100%
27731,0.6599906262126264,1219.17,790,10,0.0,0.6793064133790372,31,559,High,60-80%
67736,0.659690832553035,8226.369999999999,790,32,0.0,0.7395181592852327,184,560,High,60-80%
45723,0.6587609093701154,94.81,974,1,0.0,0.0,0,561,Low,0-20%
33586,0.6585653773779868,165.27,790,8,0.0,0.0,123,562,Mid-Low,0-20%
20945,0.6584401792165815,132.8,821,4,0.0,0.42010542168358356,153,563,Mid-Low,40-60%
12176,0.658023757589991,1422.99,760,10,0.0,0.9100626146347409,275,564,High,80-100%
25537,0.658019157699001,9.239999999999998,851,3,0.0,0.0,153,565,Low,0-20%
30861,0.6578100797512387,860.95,790,14,0.0,0.1523084964281871,214,566,High,0-20%
61786,0.6575803805819848,193.25,851,7,0.0,0.0,0,567,Mid-Low,0-20%
4585,0.6571498129995172,113.57,760,9,0.0,0.41366558069548587,0,568,Mid-Low,40-60%
34215,0.6569402354109919,843.47,913,6,0.0,0.5115178963086873,150,569,High,40-60%
55991,0.6567697668394166,2258.4700000000003,760,20,0.0,0.9248694912923684,30,570,High,80-100%
68994,0.6566702364120702,2311.94,821,6,0.0,0.9388003148866586,0,571,High,80-100%
41322,0.6564055981796741,610.43,1063,1,0.0,0.9999999999983619,0,572,Mid-High,80-100%
52120,0.656145003603265,3552.53,760,31,0.0,0.7725705342387615,153,573,High,60-80%
64331,0.65507530291955,443.93,790,5,0.0,0.25058004640314785,214,574,Mid-High,20-40%
24516,0.6548938475011952,1400.0,1035,2,0.0,0.9132142857136334,0,575,High,80-100%
67431,0.6547113455622818,97.41,974,1,0.0,0.0,0,576,Low,0-20%
30062,0.6546368517557547,2915.96,790,17,0.0,0.9418304777840087,61,577,High,80-100%
23597,0.6544335444832687,1815.53,821,7,0.0,0.0,273,578,High,0-20%
43000,0.6543101708086334,278.89,1063,1,0.0,0.0,0,579,Mid-High,0-20%
35422,0.654193397346831,2711.27,913,3,0.0,0.7894234067426744,30,580,High,60-80%
54652,0.6540755572189735,256.72,851,5,0.0,0.19643970084061846,123,581,Mid-High,0-20%
65282,0.6539780340236124,297.27,1063,1,0.0,0.9999999999966361,0,582,Mid-High,80-100%
21879,0.6536849316648798,35.79,943,1,0.0,0.0,0,583,Low,0-20%
6223,0.653538275719515,680.83,760,1,0.0,0.9999999999985312,0,584,Mid-High,80-100%
53679,0.6532737315676107,4157.9800000000005,913,12,0.0,0.8489362623194797,181,585,High,80-100%
50311,0.653116508149589,2226.0099999999998,760,8,0.0,0.9550720796398241,0,586,High,80-100%
42746,0.6527804278983549,147.39,1004,1,0.0,0.0,0,587,Mid-Low,0-20%
23445,0.6526240410956663,722.15,943,2,0.0,0.1821505227443299,0,588,High,0-20%
36240,0.6517813499987943,650.9599999999999,1094,2,0.0,0.8628333538145773,0,589,Mid-High,80-100%
30545,0.6517015010393824,1174.07,760,10,0.0,0.8321139284703365,334,590,High,80-100%
41677,0.6516793200218772,1024.1599999999999,882,8,0.0,0.9611193563496319,122,591,High,80-100%
47151,0.6514683798557894,84.55000000000001,790,2,0.0,0.0,304,592,Low,0-20%
12383,0.651377291631931,396.42,913,13,0.0,0.6391453508888574,122,593,Mid-High,60-80%
64214,0.6513736677788885,629.8199999999999,943,6,0.0,0.9679273443190627,0,594,Mid-High,80-100%
19172,0.6511832720194665,32.66,974,1,0.0,0.0,0,595,Low,0-20%
13460,0.6503319733878973,137.3,913,2,0.0,0.0,30,596,Mid-Low,0-20%
16020,0.6501341900968294,980.44,1004,9,0.0,0.8444473909664595,31,597,High,80-100%
58028,0.6497504804622011,206.61,790,6,0.0,0.2565703499334177,273,598,Mid-Low,20-40%
7297,0.6494483506089692,2646.61,760,5,0.0,0.5782453780494375,214,599,High,40-60%
59053,0.6494000664245723,779.06,821,20,0.0,0.5066618745661353,242,600,High,40-60%
21645,0.649110977012084,306.46999999999997,1004,7,0.0,0.5840049597005122,59,601,Mid-High,40-60%
5633,0.6489603089303473,295.76,821,4,0.0,0.170509872869318,214,602,Mid-High,0-20%
10699,0.6486216342255294,210.31,913,6,0.0,0.0,0,603,Mid-Low,0-20%
15782,0.6485092160703055,745.26,790,7,0.0,0.3565735448026775,214,604,High,20-40%
10868,0.6483599084264682,713.4100000000001,790,5,0.0,0.5749568971551072,304,605,Mid-High,40-60%
4082,0.6480540854469319,174.69,851,1,0.0,0.0,0,606,Mid-Low,0-20%
61696,0.6479919035310582,211.88,943,3,0.0,0.4441193128164805,0,607,Mid-Low,40-60%
8955,0.6475576836691814,1249.81,943,2,0.0,0.9790128099463287,0,608,High,80-100%
4895,0.6470623349412948,121.64,1004,1,0.0,0.0,0,609,Mid-Low,0-20%
21860,0.6469544719017727,851.12,760,8,0.0,0.7682465457270793,303,610,High,60-80%
29678,0.6468648061696703,535.01,790,5,0.0,0.0,273,611,Mid-High,0-20%
5428,0.6468047979878567,886.9,851,5,0.0,0.9999999999988725,184,612,High,80-100%
41096,0.6466741063596583,124.77,1063,2,0.0,0.7462531057085336,0,613,Mid-Low,60-80%
10511,0.6466035241970949,234.4,943,3,0.0,0.0,0,614,Mid-Low,0-20%
21315,0.6464526106781167,738.0,1004,2,0.0,0.9120325203239675,0,615,High,80-100%
16264,0.6463303123573005,25.75,790,1,0.0,0.0,0,616,Low,0-20%
28480,0.6462350834658072,106.04,1004,3,0.0,0.0,0,617,Mid-Low,0-20%
52513,0.6455842759735257,1195.42,943,7,0.0,0.5264425892150655,151,618,High,40-60%
60051,0.6455614442716325,751.56,1094,1,0.0,0.9999999999986694,0,619,High,80-100%
29394,0.6451901649146882,620.96,821,8,0.0,0.7147481319236106,122,620,Mid-High,60-80%
60785,0.6451758022628591,5803.24,821,26,0.0,0.8151601519149965,0,621,High,80-100%
66133,0.6448941723704291,1585.7499999999998,882,10,0.0,0.02962635976665324,153,622,High,0-20%
2747,0.6448335205421405,990.6600000000001,821,9,0.0,0.9023782125038838,214,623,High,80-100%
19069,0.6447937484646876,1084.78,790,7,0.0,0.8218256236279966,273,624,High,80-100%
57926,0.644601004724729,106.65,790,1,0.0,0.0,0,625,Mid-Low,0-20%
28901,0.6445338160072301,5499.11,851,16,0.0,0.932034456484607,243,626,High,80-100%
20507,0.6445335339510742,877.41,760,6,0.0,0.7714523426895392,91,627,High,60-80%
5270,0.6441420408321782,956.12,790,13,0.0,0.7211437894817375,304,628,High,60-80%
18811,0.6440566846025149,6.57,790,1,0.0,0.0,0,629,Low,0-20%
46770,0.6437854754874535,15.89,790,1,0.0,0.0,0,630,Low,0-20%
7001,0.6434738286383493,2794.09,760,19,0.0,0.7414793367426455,303,631,High,60-80%
35975,0.64335432138772,19.71,913,1,0.0,0.0,0,632,Low,0-20%
60495,0.6430042476109623,63.16,760,2,0.0,0.0,153,633,Low,0-20%
44464,0.6427011820041001,121.66,974,4,0.0,0.0,89,634,Mid-Low,0-20%
30721,0.6424704308839949,249.13,974,3,0.0,0.20242443704008983,0,635,Mid-Low,20-40%
59420,0.6423055499995807,1246.35,913,10,0.0,0.9475107313347394,61,636,High,80-100%
37117,0.642300325065537,1022.25,1094,3,0.0,0.7610760577150785,0,637,High,60-80%
4819,0.6420259468628652,55.9,851,1,0.0,0.0,0,638,Low,0-20%
45044,0.641949810840432,598.3299999999999,760,15,0.0,0.0,303,639,Mid-High,0-20%
17955,0.6419459586877664,329.31,974,7,0.0,0.12353101940383368,0,640,Mid-High,0-20%
62579,0.6415651486429157,633.58,851,11,0.0,0.21430600713372533,212,641,Mid-High,20-40%
27946,0.6411269631788207,41.83,974,2,0.0,0.0,0,642,Low,0-20%
21183,0.6410368589769954,2359.83,821,3,0.0,0.9999999999995762,183,643,High,80-100%
9791,0.6405195460837156,216.52,974,2,0.0,0.9999999999953816,0,644,Mid-Low,80-100%
15631,0.6404738381656664,2175.28,974,16,0.0,0.8019887094990982,0,645,High,80-100%
21909,0.6404415383872599,1167.1100000000001,974,4,0.0,0.5449529178907343,0,646,High,40-60%
18254,0.6402067603918277,140.36,1094,1,0.0,0.0,0,647,Mid-Low,0-20%
27888,0.6398587134166994,2544.26,821,11,0.0,0.850223640665321,273,648,High,80-100%
48596,0.6397220234896611,630.51,821,6,0.0,0.999999999998414,214,649,Mid-High,80-100%
13506,0.6396543001170775,442.52000000000004,943,9,0.0,0.5041806020055496,92,650,Mid-High,40-60%
75,0.6394188871759937,2099.12,790,3,0.0,0.2844811158960495,304,651,High,20-40%
30733,0.6391332996948019,54.71,1035,1,0.0,0.0,0,652,Low,0-20%
11531,0.6390993450926993,39.42,1063,1,0.0,0.0,0,653,Low,0-20%
34925,0.6390586084510008,2109.42,760,12,0.0,0.5560153975971802,91,654,High,40-60%
12673,0.6390237510629103,676.45,790,11,0.0,0.08337645058750333,123,655,Mid-High,0-20%
61252,0.6385985123148811,39.87,1094,1,0.0,0.0,0,656,Low,0-20%
24884,0.6385738109103508,403.96000000000004,943,4,0.0,0.1889295969893333,92,657,Mid-High,0-20%
11590,0.6385333711131993,451.29,790,4,0.0,0.0,245,658,Mid-High,0-20%
66744,0.6385113061725389,275.38,760,4,0.0,0.9999999999963687,244,659,Mid-High,80-100%
53232,0.6380581221148995,253.0,1004,2,0.0,0.9999999999960475,0,660,Mid-Low,80-100%
24028,0.6378259454644278,130.35,974,1,0.0,0.0,0,661,Mid-Low,0-20%
32675,0.6376991615883881,23.79,1063,2,0.0,0.0,0,662,Low,0-20%
6355,0.6376269652046889,700.0699999999999,913,5,0.0,0.3438798977240221,150,663,Mid-High,20-40%
54276,0.6374570588985902,478.11,851,5,0.0,0.9409131789735816,212,664,Mid-High,80-100%
71736,0.6371338466215625,91.96,760,1,0.0,0.0,0,665,Low,0-20%
12532,0.6368135102859559,2715.1,1004,16,0.0,0.8370594084929331,59,666,High,80-100%
62179,0.6366643766011736,30.16,943,1,0.0,0.0,0,667,Low,0-20%
34093,0.6365638192519165,18.4,1004,1,0.0,0.0,0,668,Low,0-20%
59329,0.6364575420198028,308.56,790,2,0.0,0.6646681358547295,31,669,Mid-High,60-80%
1972,0.6363822006870361,93.66,913,5,0.0,0.0,150,670,Low,0-20%
42202,0.6363334020580889,134.78,974,2,0.0,0.0,0,671,Mid-Low,0-20%
67414,0.6363013807161285,877.67,851,7,0.0,0.948921576445647,123,672,High,80-100%
58474,0.6357002791711792,1301.67,760,8,0.0,0.8835111817888684,275,673,High,80-100%
49871,0.6356451567821122,212.76,851,6,0.0,0.0,153,674,Mid-Low,0-20%
28421,0.6355473476403588,142.87,1094,2,0.0,0.0,0,675,Mid-Low,0-20%
1134,0.6355128144813789,682.28,882,17,0.0,0.47720877059201916,212,676,Mid-High,40-60%
22160,0.6348386045520058,1205.46,821,22,0.0,0.0493338642509504,273,677,High,0-20%
69973,0.6348249286029456,929.73,851,10,0.0,0.0,0,678,High,0-20%
8020,0.6344817611982996,730.51,821,6,0.0,0.8601114290004789,122,679,High,80-100%
64268,0.6340879612697343,79.06,760,7,0.0,0.0,303,680,Low,0-20%
24633,0.6331348482083967,714.5500000000001,760,8,0.0,0.0,153,681,Mid-High,0-20%
14707,0.6330445866897049,240.32999999999998,1004,5,0.0,0.44301585320000414,59,682,Mid-Low,40-60%
22751,0.6330197784961558,901.6,760,8,0.0,0.3870452528833329,275,683,High,20-40%
65113,0.6328982270613501,1502.42,974,9,0.0,0.968038231652289,89,684,High,80-100%
64986,0.6327997892750106,361.39,943,7,0.0,0.8933562079722921,151,685,Mid-High,80-100%
61387,0.6326229229593365,1256.18,851,8,0.0,0.0,212,686,High,0-20%
1904,0.6323324554249609,56.03,974,1,0.0,0.0,0,687,Low,0-20%
65660,0.632208324964536,1773.77,760,5,0.0,0.8502060582821616,303,688,High,80-100%
12798,0.6313773492396246,82.14,760,2,0.0,0.0,30,689,Low,0-20%
29069,0.6311689783583236,18.65,1094,1,0.0,0.0,0,690,Low,0-20%
70269,0.6310788659230996,716.39,821,2,0.0,0.9999999999986041,0,691,Mid-High,80-100%
68356,0.6310478100414334,262.02,760,7,0.0,0.49232882985843707,183,692,Mid-High,40-60%
59419,0.6309940709253208,4400.96,760,8,0.0,0.40730431542199713,153,693,High,40-60%
5408,0.6307978663993274,676.06,851,4,0.0,0.9351241014097341,0,694,Mid-High,80-100%
23937,0.6307780281946453,943.97,790,10,0.0,0.9036198184254758,273,695,High,80-100%
35809,0.630709189127474,1105.72,913,10,0.0,0.8026715624201401,122,696,High,80-100%
63973,0.6306232095305543,229.51999999999998,1094,4,0.0,0.9999999999956432,0,697,Mid-Low,80-100%
67064,0.630528915920917,1051.94,790,18,0.0,0.0,214,698,High,0-20%
63865,0.6302096128774586,1074.03,790,13,0.0,0.18130778469858264,273,699,High,0-20%
1465,0.6299478104772243,756.39,882,3,0.0,0.8544930525246837,181,700,High,80-100%
15157,0.629874142006226,638.58,760,9,0.0,0.0,244,701,Mid-High,0-20%
63552,0.6298493132643976,872.48,851,7,0.0,0.0,92,702,High,0-20%
34023,0.6296381548266295,753.89,851,7,0.0,0.0,184,703,High,0-20%
17711,0.6294606356000726,975.11,851,7,0.0,0.0,243,704,High,0-20%
47350,0.6293404020906518,1221.59,821,7,0.0,0.9122127718785253,242,705,High,80-100%
20101,0.6292517399505099,702.3800000000001,821,10,0.0,0.04429226344707381,0,706,Mid-High,0-20%
55844,0.6287619009385113,1217.12,821,9,0.0,0.7199947416846983,273,707,High,60-80%
45360,0.6285624259657909,290.25,790,2,0.0,0.0,123,708,Mid-High,0-20%
54033,0.6284303884698216,2933.33,851,20,0.0,0.9485363051545689,0,709,High,80-100%
19726,0.6283649832812134,131.29,790,2,0.0,0.0,123,710,Mid-Low,0-20%
22073,0.6281512140638472,1298.7,1035,2,0.0,0.91325941325871,0,711,High,80-100%
12763,0.6279729606867934,414.18,851,8,0.0,0.6200685692196145,243,712,Mid-High,60-80%
57219,0.6278133357802442,1014.33,790,5,0.0,0.6476886220454412,184,713,High,60-80%
67545,0.6273824483658885,2271.88,851,6,0.0,0.030080814127493496,123,714,High,0-20%
22596,0.6270740599903287,2020.81,790,15,0.0,0.7841360642510755,0,715,High,60-80%
1200,0.6262204659980634,1143.75,821,5,0.0,0.8693945355183655,122,716,High,80-100%
33895,0.6259208980556983,441.34000000000003,913,7,0.0,0.040512983187473345,150,717,Mid-High,0-20%
38412,0.6257839924380202,1897.07,913,8,0.0,0.45271919328203347,181,718,High,40-60%
61582,0.6257802312350609,493.04999999999995,790,4,0.0,0.7123212655902803,0,719,Mid-High,60-80%
8296,0.6257308116982102,440.82,913,8,0.0,0.0,122,720,Mid-High,0-20%
64246,0.6251227089546698,1147.39,913,12,0.0,0.7710107286966323,122,721,High,60-80%
48632,0.6247296478695918,750.23,851,4,0.0,0.0,92,722,High,0-20%
1491,0.6247119119327976,3304.45,821,18,0.0,0.06206479141761501,214,723,High,0-20%
39494,0.624701548300891,997.3000000000001,760,18,0.0,0.09707209465547272,275,724,High,0-20%
33682,0.6246120078127432,1049.81,790,6,0.0,0.0,153,725,High,0-20%
60703,0.6245160333477716,1413.8400000000001,821,8,0.0,0.9212499292699873,122,726,High,80-100%
37464,0.6244718638256873,399.14,974,5,0.0,0.7366838703193449,89,727,Mid-High,60-80%
39460,0.6243127460680317,899.15,760,12,0.0,0.8167713952056757,303,728,High,80-100%
18591,0.6241928108875356,338.21000000000004,851,6,0.0,0.9360752195353891,0,729,Mid-High,80-100%
10189,0.6241161148003251,242.04000000000002,821,2,0.0,0.0,153,730,Mid-Low,0-20%
64763,0.6239585029200877,1277.77,790,9,0.0,0.8380381445793545,214,731,High,80-100%
61260,0.6237802017978309,2703.55,790,12,0.0,0.9481126666786454,214,732,High,80-100%
12825,0.6237575212429867,1718.1399999999999,790,13,0.0,0.01795546346629614,273,733,High,0-20%
15665,0.6234844032105544,685.77,851,9,0.0,0.17870423028102905,92,734,Mid-High,0-20%
66432,0.6233914337447236,2450.92,790,12,0.0,0.9802727139192711,245,735,High,80-100%
40795,0.6230161146455271,786.4100000000001,790,8,0.0,0.12239162777670377,304,736,High,0-20%
11700,0.622970163369198,1204.1799999999998,1035,8,0.0,0.787697852479872,0,737,High,60-80%
57644,0.6227432369695189,910.13,974,9,0.0,0.8353092415360055,89,738,High,80-100%
21503,0.6226960711079899,215.72,1094,1,0.0,0.0,0,739,Mid-Low,0-20%
5128,0.6225025532917965,190.0,790,2,0.0,0.9999999999947369,0,740,Mid-Low,80-100%
50111,0.6222577392628649,562.75,760,6,0.0,0.925544202574988,334,741,Mid-High,80-100%
55545,0.6222213714810279,3448.14,760,22,0.0,0.8261004483574257,275,742,High,80-100%
16589,0.6222082476405769,110.3,760,3,0.0,0.0,183,743,Mid-Low,0-20%
66390,0.6217560320005124,3501.52,851,27,0.0,0.8377533185585581,184,744,High,80-100%
37234,0.621593396394573,792.72,821,5,0.0,0.9666717125832998,0,745,High,80-100%
36903,0.6213429467380234,1337.6,851,14,0.0,0.9027212918653539,212,746,High,80-100%
21400,0.6212489891988263,740.03,1004,6,0.0,0.8694917773592024,59,747,High,80-100%
60405,0.6210581066147447,2894.92,851,17,0.0,0.8338986915006861,92,748,High,80-100%
9577,0.6209821300152476,50.43,1035,1,0.0,0.9999999999801706,0,749,Low,80-100%
60594,0.6208472122336541,845.3,790,7,0.0,0.6944753342000538,273,750,High,60-80%
24697,0.620846089129057,206.67000000000002,974,4,0.0,0.13335268785922796,120,751,Mid-Low,0-20%
57814,0.6206942843905938,1644.43,851,9,0.0,0.9592928856801692,123,752,High,80-100%
17557,0.6206090548470372,1691.59,1035,15,0.0,0.09833943213184144,59,753,High,0-20%
58084,0.6202460157899945,541.87,790,9,0.0,0.0,153,754,Mid-High,0-20%
9298,0.6201185015407243,106.3,1063,5,0.0,0.0,0,755,Mid-Low,0-20%
49390,0.620104484164936,604.83,913,7,0.0,0.3848684754387433,122,756,Mid-High,20-40%
63472,0.6200349097029056,109.88000000000001,913,2,0.0,0.0,0,757,Mid-Low,0-20%
36747,0.6196130863435352,116.45,1004,2,0.0,0.0,0,758,Mid-Low,0-20%
8757,0.619541684549941,1773.75,790,9,0.0,0.6615475687099864,184,759,High,60-80%
12338,0.6195362031317992,556.11,760,9,0.0,0.445289600977423,244,760,Mid-High,40-60%
22994,0.6194728687134579,481.55,943,4,0.0,0.0,92,761,Mid-High,0-20%
16215,0.6194323117012099,197.66000000000003,790,3,0.0,0.0,123,762,Mid-Low,0-20%
13845,0.6192140251209167,1088.0,851,6,0.0,0.22125919117626722,184,763,High,20-40%
48463,0.6188333442342828,150.41,1035,1,0.0,0.0,0,764,Mid-Low,0-20%
16150,0.6186135510565398,773.02,913,10,0.0,0.31617551939106864,150,765,High,20-40%
42004,0.6184480086207174,907.13,974,8,0.0,0.9241674291436464,0,766,High,80-100%
34955,0.6182137833387247,379.26,851,13,0.0,0.26367136001617975,153,767,Mid-High,20-40%
3969,0.6181733907794554,422.15999999999997,913,9,0.0,0.2824758385439585,122,768,Mid-High,20-40%
53331,0.6181182962110714,478.54,821,3,0.0,0.9595436118172785,183,769,Mid-High,80-100%
38413,0.6178512611854713,455.66,913,6,0.0,0.6075363209397192,150,770,Mid-High,60-80%
24927,0.6176719902334704,907.5,943,11,0.0,0.8348870523406778,0,771,High,80-100%
62799,0.6175531500899615,677.5600000000001,1063,4,0.0,0.9999999999985242,0,772,Mid-High,80-100%
8006,0.6170454048434888,748.71,821,7,0.0,0.9392688757984543,273,773,High,80-100%
19423,0.6168971639553921,1906.96,943,8,0.0,0.8289791081088072,120,774,High,80-100%
4922,0.6167554097038057,1453.0,913,3,0.0,0.7394907088776741,122,775,High,60-80%
42290,0.6164352469141245,180.0,1004,1,0.0,0.9999999999944446,0,776,Mid-Low,80-100%
7120,0.6162028548998059,977.49,821,8,0.0,0.330622308156267,242,777,High,20-40%
19060,0.6160304857315773,1382.95,943,7,0.0,0.3910119671713431,92,778,High,20-40%
60089,0.6159994255365894,1469.25,760,15,0.0,0.8788225285003377,214,779,High,80-100%
7846,0.615957953812024,2122.8999999999996,821,9,0.0,0.5022233736867011,242,780,High,40-60%
34041,0.6158943472652318,2344.82,760,38,0.0,0.43790141673969096,334,781,High,40-60%
32024,0.6157816527824979,5009.09,913,36,0.0,0.5183097129417681,181,782,High,40-60%
11323,0.614825068061623,760.74,821,20,0.0,0.589123747928873,153,783,High,40-60%
44659,0.6148235152008534,591.45,821,8,0.0,0.08673598782638138,183,784,Mid-High,0-20%
2188,0.6146405182575227,791.48,1004,9,0.0,0.7128038611200374,31,785,High,60-80%
19752,0.6146181659113901,287.65999999999997,821,9,0.0,0.0,153,786,Mid-High,0-20%
25250,0.6143343230490903,1917.19,821,3,0.0,0.9804714191076626,214,787,High,80-100%
3416,0.6141730837819266,264.57,1004,2,0.0,0.0,31,788,Mid-High,0-20%
57188,0.6140755831835656,4093.14,821,9,0.0,0.7926261989570861,183,789,High,60-80%
29335,0.6138675779471424,1562.25,821,8,0.0,0.9424867978870588,0,790,High,80-100%
28199,0.6138560586321392,1349.75,760,12,0.0,0.7236006667896102,244,791,High,60-80%
66004,0.6137621095601434,1628.31,851,13,0.0,0.9538601371968767,184,792,High,80-100%
12312,0.6136508272557419,1862.1299999999999,974,12,0.0,0.7969583219212423,61,793,High,60-80%
7442,0.6135546433114449,1228.78,913,9,0.0,0.7338742492547617,181,794,High,60-80%
15508,0.6134842329223699,178.83,913,3,0.0,0.0,150,795,Mid-Low,0-20%
61926,0.6132901869316014,2131.27,821,12,0.0,0.3724586748744305,214,796,High,20-40%
64461,0.613287509352483,1500.0,790,3,0.0,0.8414199999994392,0,797,High,80-100%
56054,0.6132135801793824,346.54,821,3,0.0,0.6533156345568958,153,798,Mid-High,60-80%
18204,0.6130683800290653,775.29,974,13,0.0,0.5756168659461935,120,799,High,40-60%
24846,0.612832837547754,1522.33,821,12,0.0,0.9272496764821508,273,800,High,80-100%
42460,0.6126812406724079,846.52,790,11,0.0,0.6295421254068072,273,801,High,60-80%
28113,0.6125701350162583,1577.74,760,7,0.0,0.8343073003151127,244,802,High,80-100%
40715,0.6125688534793207,351.18,1035,5,0.0,0.1346318127452172,28,803,Mid-High,0-20%
49135,0.6123390657596671,115.99,790,3,0.0,0.1941546685042318,304,804,Mid-Low,0-20%
49164,0.612317211029848,507.25,760,3,0.0,0.9839724001952017,244,805,Mid-High,80-100%
47282,0.6123079445417506,402.57,821,3,0.0,0.7983704697299888,273,806,Mid-High,60-80%
4858,0.6119971126584182,390.55,882,1,0.0,0.0,0,807,Mid-High,0-20%
40081,0.6119829638042608,632.64,760,12,0.0,0.4940566514913789,275,808,Mid-High,40-60%
44906,0.6114851142367032,520.01,974,7,0.0,0.093344358762152,120,809,Mid-High,0-20%
38816,0.611442014783323,973.85,943,7,0.0,0.9496842429522517,0,810,High,80-100%
43977,0.6107640497260665,2954.85,790,20,0.0,0.7942095199415219,273,811,High,60-80%
10692,0.6105101789556077,387.33,790,3,0.0,0.0,61,812,Mid-High,0-20%
40181,0.6104651023075512,293.54,913,4,0.0,0.0,122,813,Mid-High,0-20%
16189,0.6104021475707894,1040.1,1094,3,0.0,0.8068935679253852,0,814,High,80-100%
13740,0.6102630339707352,616.4200000000001,913,5,0.0,0.9662405502725964,0,815,Mid-High,80-100%
18119,0.60989945335104,1772.84,1004,8,0.0,0.9881376773984183,90,816,High,80-100%
39711,0.609881075411352,1601.73,760,10,0.0,0.7044133530615619,334,817,High,60-80%
36112,0.6097019442473351,524.26,913,1,0.0,0.9999999999980925,0,818,Mid-High,80-100%
1804,0.6096545476791679,285.38,974,1,0.0,0.9999999999964959,0,819,Mid-High,80-100%
59514,0.6095795374923864,579.1500000000001,851,4,0.0,0.0,92,820,Mid-High,0-20%
20695,0.6095370516852817,1381.82,790,7,0.0,0.618387344226731,273,821,High,60-80%
17349,0.6094146028574848,267.82,913,6,0.0,0.0,91,822,Mid-High,0-20%
24535,0.609086229821995,783.15,760,9,0.0,0.8568984230340843,334,823,High,80-100%
15675,0.6090342330492586,454.06,760,3,0.0,0.5480332995627273,303,824,Mid-High,40-60%
36676,0.6087117754215577,1004.37,882,5,0.0,0.6828658761206698,0,825,High,60-80%
1269,0.60867999104252,628.16,1004,3,0.0,0.6751782985215946,31,826,Mid-High,60-80%
70021,0.6085767672047844,1836.78,851,4,0.0,0.9693811997076572,0,827,High,80-100%
3362,0.6084328225127941,206.8,1035,3,0.0,0.3153771760139488,0,828,Mid-Low,20-40%
36268,0.6081305751379174,1058.74,1063,9,0.0,0.6547499858315973,0,829,High,60-80%
60135,0.6080147135565555,570.3,790,4,0.0,0.9999999999982465,184,830,Mid-High,80-100%
32967,0.6079483364202658,258.16,1004,2,0.0,0.0,90,831,Mid-High,0-20%
12128,0.6077554593526658,784.78,974,5,0.0,0.0,89,832,High,0-20%
900,0.6077169918179772,100.97,790,4,0.0,0.0,273,833,Mid-Low,0-20%
36809,0.6075926273317136,1024.07,943,7,0.0,0.9509213237367066,0,834,High,80-100%
40712,0.607480402811827,320.14,851,4,0.0,0.0,184,835,Mid-High,0-20%
53465,0.6068367138462183,134.86,1004,2,0.0,0.0,0,836,Mid-Low,0-20%
63720,0.6067252906229363,1674.84,1094,4,0.0,0.7035119772630798,0,837,High,60-80%
9987,0.6064933130603269,920.92,821,2,0.0,0.0,0,838,High,0-20%
51524,0.6061710830578196,1213.3400000000001,760,12,0.0,0.8531161916685734,214,839,High,80-100%
37644,0.6060670578017671,4279.139999999999,760,14,0.0,0.8899732189176119,122,840,High,80-100%
34619,0.6059177060891775,1267.72,851,9,0.0,0.5011358975164065,184,841,High,40-60%
19431,0.6058178707705987,948.25,1094,6,0.0,0.9761666227250448,0,842,High,80-100%
58633,0.6055986505866889,1798.79,913,11,0.0,0.6242640886370148,61,843,High,60-80%
56986,0.6054862923176378,1569.31,882,4,0.0,0.8355200693293006,181,844,High,80-100%
30550,0.6053068302901051,6755.11,882,20,0.0,0.0,31,845,High,0-20%
64546,0.6050822214257416,1276.51,760,9,0.0,0.5386561797396506,334,846,High,40-60%
36671,0.6050674267361893,535.63,790,4,0.0,0.0,153,847,Mid-High,0-20%
7261,0.6045448860684131,358.58,851,9,0.0,0.8512186959650532,153,848,Mid-High,80-100%
55520,0.6044537653493832,602.19,943,17,0.0,0.5900961490549659,151,849,Mid-High,40-60%
15768,0.6043215452122991,384.72,913,5,0.0,0.3560771470150861,181,850,Mid-High,20-40%
19500,0.6042303448150377,133.89,1094,2,0.0,0.9999999999925313,0,851,Mid-Low,80-100%
4295,0.6041252247533001,2017.82,821,10,0.0,0.7794203645514568,183,852,High,60-80%
49086,0.6036347833884856,773.3100000000001,1035,9,0.0,0.8964192885118563,0,853,High,80-100%
16472,0.6036071701769735,215.29,760,5,0.0,0.0,275,854,Mid-Low,0-20%
50492,0.6035696253857228,944.1,790,14,0.0,0.7342548458841921,304,855,High,60-80%
6268,0.6035540574836248,2489.75,790,12,0.0,0.9849382468115333,153,856,High,80-100%
68059,0.6029667913065898,1809.0,760,11,0.0,0.9797236042006745,91,857,High,80-100%
62777,0.6029290460275294,510.95,882,3,0.0,0.9999999999980429,212,858,Mid-High,80-100%
22729,0.6022898760084702,1230.31,913,8,0.0,0.9701863757906786,0,859,High,80-100%
53,0.6020549584087891,995.19,974,5,0.0,0.8090213928990353,61,860,High,80-100%
50898,0.6018226541924346,1163.82,760,8,0.0,0.8795604131215484,183,861,High,80-100%
43109,0.6017013120058314,1857.67,760,16,0.0,0.8008311486965926,334,862,High,80-100%
18780,0.6016763588441223,263.03,1063,2,0.0,0.6784397217021693,31,863,Mid-High,60-80%
18592,0.6015828860160057,111.24,851,1,0.0,0.9999999999910104,0,864,Mid-Low,80-100%
43151,0.6015239382516078,2249.1,882,13,0.0,0.8102352051928281,181,865,High,80-100%
17995,0.601329506977885,1386.73,913,8,0.0,0.9222343210279419,181,866,High,80-100%
54889,0.6010404089822856,2048.08,821,14,0.0,0.6046004062338363,242,867,High,60-80%
1395,0.600475051285444,323.12,851,5,0.0,0.0,62,868,Mid-High,0-20%
38735,0.6003441638697515,130.81,790,1,0.0,0.0,0,869,Mid-Low,0-20%
16918,0.600269683383406,249.89,974,5,0.0,0.4393533154570437,120,870,Mid-Low,40-60%
3029,0.6002215248418876,1440.38,943,12,0.0,0.7656312917419252,31,871,High,60-80%
63937,0.5999777531224465,432.09,851,13,0.0,0.9999999999976857,243,872,Mid-High,80-100%
37587,0.5999510911840641,1581.6599999999999,1094,5,0.0,0.8277695585645285,0,873,High,80-100%
35479,0.5999349256340837,157.46,760,3,0.0,0.0,303,874,Mid-Low,0-20%
14854,0.5998362121858826,102.83,1094,1,0.0,0.0,0,875,Mid-Low,0-20%
38391,0.5996775686204767,907.5,1035,6,0.0,0.955581267216578,0,876,High,80-100%
70656,0.5996481902064086,341.4,760,1,0.0,0.0,0,877,Mid-High,0-20%
3260,0.5996028457924499,741.18,760,10,0.0,0.7365552227519138,275,878,High,60-80%
56954,0.5995708646505786,935.24,821,6,0.0,0.8159082160720074,183,879,High,80-100%
51256,0.5995307778587774,951.0999999999999,913,6,0.0,0.9233098517496338,0,880,High,80-100%
10469,0.5994865464844559,989.9399999999999,821,8,0.0,0.9604925551033795,183,881,High,80-100%
43752,0.5992671377066769,802.0,913,8,0.0,0.4369077306727719,181,882,High,40-60%
11102,0.5992555504064959,486.79,821,15,0.0,0.8905072002282494,183,883,Mid-High,80-100%
42504,0.5991897504411902,750.87,943,8,0.0,0.923195759584318,0,884,High,80-100%
8468,0.5987731554900266,1160.19,851,7,0.0,0.3714046837152781,243,885,High,20-40%
29830,0.5981867895432539,232.66,1094,4,0.0,0.5775810195109706,0,886,Mid-Low,40-60%
55613,0.5981369186679937,1805.09,913,12,0.0,0.939958672420245,181,887,High,80-100%
46762,0.5979428191305435,2244.2799999999997,851,25,0.0,0.2292717486230643,212,888,High,20-40%
37886,0.5978902086132813,716.39,943,11,0.0,0.0,120,889,Mid-High,0-20%
56791,0.5975904265516883,385.69,974,5,0.0,0.9509709870596826,120,890,Mid-High,80-100%
22473,0.5975701583739363,744.91,821,8,0.0,0.8288920809214148,242,891,High,80-100%
33590,0.5975353732724922,1624.57,760,14,0.0,0.26578725447332785,275,892,High,20-40%
62924,0.59752985727623,384.25,943,3,0.0,0.9788418998022672,0,893,Mid-High,80-100%
7733,0.5974667141319311,194.35,821,11,0.0,0.29359403138516293,214,894,Mid-Low,20-40%
21611,0.5973940570840867,739.1600000000001,851,9,0.0,0.9333432545038512,243,895,High,80-100%
67264,0.5973266870322355,673.34,882,10,0.0,0.0,122,896,Mid-High,0-20%
18657,0.5973189219632409,1087.71,1063,3,0.0,0.7986411819319501,0,897,High,60-80%
25877,0.5972553117698048,2275.91,821,15,0.0,0.8690501821245705,153,898,High,80-100%
65642,0.5972508107004322,527.26,974,4,0.0,0.0,89,899,Mid-High,0-20%
39,0.5972026330436725,99.92,1063,1,0.0,0.0,0,900,Low,0-20%
18446,0.5971738444333509,1668.03,821,9,0.0,0.6755394087632264,153,901,High,60-80%
38598,0.5971057181459188,416.06,1035,2,0.0,0.0,59,902,Mid-High,0-20%
53486,0.5970142319358891,892.91,760,8,0.0,0.1031458937629737,214,903,High,0-20%
9078,0.5969627995620291,118.19,1094,1,0.0,0.0,0,904,Mid-Low,0-20%
51089,0.5968537452175592,276.4,821,2,0.0,0.0,92,905,Mid-High,0-20%
59136,0.5968287446496542,171.98,943,7,0.0,0.0980346551918942,92,906,Mid-Low,0-20%
62344,0.5968284506828063,1223.75,974,11,0.0,0.927141981613134,0,907,High,80-100%
50288,0.596823061353021,543.27,821,6,0.0,0.0,61,908,Mid-High,0-20%
34739,0.5967496664166795,830.06,851,6,0.0,0.8977423318785417,0,909,High,80-100%
15289,0.5966291440723838,429.71,760,7,0.0,0.2885201647616101,275,910,Mid-High,20-40%
64308,0.5965895223582202,82.98,1063,1,0.0,0.0,0,911,Low,0-20%
34057,0.5962465289646367,155.57999999999998,851,3,0.0,0.0,184,912,Mid-Low,0-20%
24251,0.595986364647154,420.57,760,10,0.0,0.7109399148757378,244,913,Mid-High,60-80%
67576,0.5955378308654283,1572.51,821,10,0.0,0.8970626577885691,153,914,High,80-100%
5115,0.5952221493363695,56.31,790,2,0.0,0.0,273,915,Low,0-20%
58904,0.5948246672461373,795.01,1004,11,0.0,0.22110413705460172,0,916,High,20-40%
67090,0.59478142170583,1046.48,1004,10,0.0,0.9136438345683495,0,917,High,80-100%
20706,0.5947481782961277,52.14,1004,3,0.0,0.0,0,918,Low,0-20%
61848,0.5947064289778945,314.65,760,11,0.0,0.12550452884117114,244,919,Mid-High,0-20%
65891,0.5946089644985076,1079.27,851,11,0.0,0.022190925347668155,212,920,High,0-20%
23570,0.5945066575352292,37.31,1094,1,0.0,0.0,0,921,Low,0-20%
5904,0.5944483454183955,614.5699999999999,1004,13,0.0,0.2792033454280567,90,922,Mid-High,20-40%
62822,0.5942695325913654,2367.94,790,10,0.0,0.9678708075369444,214,923,High,80-100%
41030,0.5941118167629547,1500.15,790,10,0.0,0.9386128053855024,184,924,High,80-100%
36763,0.5940116001982554,3309.89,760,23,0.0,0.9109517234708976,303,925,High,80-100%
57554,0.5937022568465042,830.02,760,6,0.0,0.7012963543038707,214,926,High,60-80%
64152,0.5936421805376987,407.18,974,4,0.0,0.4047595657930037,61,927,Mid-High,40-60%
14072,0.5936401813601906,2457.64,913,20,0.0,0.9265799710287403,181,928,High,80-100%
69051,0.5933745464567588,1270.5,913,5,0.0,0.8865486029115416,0,929,High,80-100%
37546,0.5932423281218755,1474.3700000000001,760,15,0.0,0.7479804933627597,214,930,High,60-80%
31320,0.5927331511024393,1069.1399999999999,974,10,0.0,0.915315113080686,0,931,High,80-100%
5700,0.5927094494457571,1595.09,943,9,0.0,0.9283175244024298,0,932,High,80-100%
11655,0.5926232445408178,110.19,1094,1,0.0,0.0,0,933,Mid-Low,0-20%
19164,0.5925596046443329,460.72,790,9,0.0,0.102990970654404,184,934,Mid-High,0-20%
65815,0.5925543683241852,588.59,1063,2,0.0,0.8878846055813251,0,935,Mid-High,80-100%
43247,0.5924491437268676,445.47999999999996,760,9,0.0,0.10613271078363533,303,936,Mid-High,0-20%
58167,0.5921286626605634,1288.53,851,10,0.0,0.9175106516721244,243,937,High,80-100%
14093,0.5921200562713016,514.98,790,6,0.0,0.022020272631904113,273,938,Mid-High,0-20%
35848,0.592098876394169,428.33000000000004,851,5,0.0,0.13277146125619785,123,939,Mid-High,0-20%
21091,0.5919846436883138,825.77,1035,4,0.0,0.999999999998789,0,940,High,80-100%
67114,0.5918745549642165,433.84000000000003,760,8,0.0,0.670454545453,244,941,Mid-High,60-80%
15900,0.5917268274760747,520.71,974,6,0.0,0.0,89,942,Mid-High,0-20%
34459,0.591666028417178,398.87,882,8,0.0,0.4606262692093649,122,943,Mid-High,40-60%
68414,0.5916584592875479,1714.07,760,10,0.0,0.8001715215826657,183,944,High,80-100%
42942,0.5911843546333232,150.06,760,4,0.0,0.0,91,945,Mid-Low,0-20%
38766,0.5910602744165437,680.47,974,5,0.0,0.9667876614678578,0,946,Mid-High,80-100%
28909,0.5907790967079272,5014.58,943,22,0.0,0.733199988832418,151,947,High,60-80%
5619,0.5906698030397242,148.11,1004,1,0.0,0.0,0,948,Mid-Low,0-20%
65639,0.5906165788422312,420.16,790,4,0.0,0.0,273,949,Mid-High,0-20%
16698,0.590590263188366,405.96999999999997,913,2,0.0,0.9999999999975367,0,950,Mid-High,80-100%
56660,0.5905541371583419,423.42999999999995,851,6,0.0,0.860236638875705,92,951,Mid-High,80-100%
64514,0.5904634428519566,202.98,790,6,0.0,0.0,92,952,Mid-Low,0-20%
48204,0.590142904999913,123.62,1094,1,0.0,0.0,0,953,Mid-Low,0-20%
29606,0.5901198047989795,1163.25,882,3,0.0,0.8433956587140826,0,954,High,80-100%
43380,0.5898806003381054,299.0,760,5,0.0,0.9999999999966556,0,955,Mid-High,80-100%
8181,0.5898501687876531,793.62,1035,4,0.0,0.8388775484478228,59,956,High,80-100%
25349,0.5895644079241319,2012.9199999999998,790,19,0.0,0.7039872424136557,304,957,High,60-80%
62992,0.5895155601193224,3749.88,790,37,0.0,0.5206113262289671,273,958,High,40-60%
58787,0.5894838784718915,608.57,821,13,0.0,0.8632532001234644,273,959,Mid-High,80-100%
20629,0.5893837081277172,64.00999999999999,1094,3,0.0,0.0,0,960,Low,0-20%
34602,0.5892545381369849,1604.19,943,9,0.0,0.9101353330958862,151,961,High,80-100%
6681,0.5891304358947362,92.7,1063,3,0.0,0.0,0,962,Low,0-20%
46180,0.5889814778396021,19.8,913,1,0.0,0.0,0,963,Low,0-20%
63822,0.5887162134681047,886.1,1035,7,0.0,0.9476018508058374,0,964,High,80-100%
31162,0.5884895821870415,1821.48,760,12,0.0,0.8559413224406219,334,965,High,80-100%
44026,0.5881275035786977,332.43,790,3,0.0,0.6552356887144505,214,966,Mid-High,60-80%
65507,0.5877600245109665,1398.4,1063,7,0.0,0.985554919907762,0,967,High,80-100%
54749,0.5877221567148145,1311.16,790,12,0.0,0.6292290795931624,153,968,High,60-80%
43489,0.5875399677954931,648.45,943,4,0.0,0.5162310124134224,61,969,Mid-High,40-60%
6229,0.5874790659379392,3911.4,760,41,0.0,0.7006238175587511,334,970,High,60-80%
63314,0.5871669175079071,569.42,943,10,0.0,0.842260545817073,0,971,Mid-High,80-100%
59201,0.5870286015359812,142.78,760,3,0.0,0.0,334,972,Mid-Low,0-20%
4083,0.5869125921176124,698.57,1035,8,0.0,0.9362268634482783,0,973,Mid-High,80-100%
23390,0.5866970423454237,145.2,760,4,0.0,0.0,91,974,Mid-Low,0-20%
67184,0.5863563408027944,1087.84,821,12,0.0,0.856210472127467,183,975,High,80-100%
53226,0.5862392287732581,950.51,851,7,0.0,0.999999999998948,92,976,High,80-100%
62624,0.5860194655026202,242.7,760,7,0.0,0.0,244,977,Mid-Low,0-20%
50845,0.5859509365463227,1504.6200000000001,790,6,0.0,0.7623851869569975,273,978,High,60-80%
48397,0.5858979314353687,1210.99,851,10,0.0,0.0,184,979,High,0-20%
37102,0.5857971444704608,329.04999999999995,913,2,0.0,0.0,0,980,Mid-High,0-20%
18869,0.5857179148559588,129.06,943,1,0.0,0.0,0,981,Mid-Low,0-20%
61378,0.5856031160062475,133.94,851,4,0.0,0.0,184,982,Mid-Low,0-20%
43595,0.5855705987159511,186.89,1035,1,0.0,0.0,0,983,Mid-Low,0-20%
14732,0.5855323193059955,576.53,790,10,0.0,0.9310183338231645,184,984,Mid-High,80-100%
67831,0.5853766828521527,880.16,821,8,0.0,0.0,122,985,High,0-20%
26376,0.5851758878425269,395.06,1063,1,0.0,0.0,0,986,Mid-High,0-20%
17658,0.5851284824395449,789.64,913,4,0.0,0.631882883338443,181,987,High,60-80%
14558,0.5851002792138208,26.84,1094,1,0.0,0.0,0,988,Low,0-20%
54284,0.5849845207164863,2294.45,943,15,0.0,0.9476127176443385,151,989,High,80-100%
60937,0.5848596003717421,849.47,974,6,0.0,0.9778567812860045,0,990,High,80-100%
13823,0.5848199711317489,1537.08,943,12,0.0,0.8911767767449377,0,991,High,80-100%
15229,0.5847595151117185,110.19,913,1,0.0,0.0,0,992,Mid-Low,0-20%
34599,0.5846739384699969,480.06,974,5,0.0,0.0718243552887726,0,993,Mid-High,0-20%
43609,0.58457386794103,227.8,821,4,0.0,0.0,0,994,Mid-Low,0-20%
50243,0.5844683060297301,253.37,913,4,0.0,0.9999999999960533,0,995,Mid-Low,80-100%
6507,0.5842917458969935,60.08,760,2,0.0,0.5739014647041628,153,996,Low,40-60%
4335,0.5839712336391104,733.1,1063,3,0.0,0.8039830855261166,0,997,High,80-100%
44123,0.5837972797822141,336.8,1035,7,0.0,0.9555522565292293,0,998,Mid-High,80-100%
26338,0.5837102500818732,1001.61,821,7,0.0,0.9633789598736401,0,999,High,80-100%
70493,0.583611105410538,198.34,821,7,0.0,0.9030452757844962,0,1000,Mid-Low,80-100%
15178,0.5835873652034109,410.5,790,7,0.0,0.46623629719740256,184,1001,Mid-High,40-60%
29126,0.583453934409063,2232.9700000000003,790,5,0.0,0.9732150454323286,214,1002,High,80-100%
68807,0.5834123068498249,1525.93,790,18,0.0,0.8144213692628007,123,1003,High,80-100%
22032,0.5833070847150159,1073.15,851,13,0.0,0.38222056562420703,184,1004,High,20-40%
70719,0.5831391256109314,533.25,790,5,0.0,0.0,31,1005,Mid-High,0-20%
43616,0.5831218006661218,324.71999999999997,760,4,0.0,0.0,275,1006,Mid-High,0-20%
7053,0.5830812560228668,47.6,821,3,0.0,0.0,183,1007,Low,0-20%
1775,0.5826631688224986,287.15,943,4,0.0,0.3035347379407852,151,1008,Mid-High,20-40%
23128,0.582308412087207,251.72999999999996,851,4,0.0,0.0,123,1009,Mid-Low,0-20%
40756,0.5820545099725338,1388.17,821,16,0.0,0.7771022281127116,273,1010,High,60-80%
38801,0.5820157118806025,865.49,913,5,0.0,0.9999999999988446,181,1011,High,80-100%
56365,0.581918304751951,977.13,974,6,0.0,0.9253528189688933,0,1012,High,80-100%
64829,0.5818358108932163,1916.31,821,8,0.0,0.9194284849523723,273,1013,High,80-100%
51665,0.5815037742711122,104.13,943,3,0.0,0.0,61,1014,Mid-Low,0-20%
6280,0.5814536554979544,675.22,974,2,0.0,0.0,0,1015,Mid-High,0-20%
67224,0.5813254641701247,922.61,821,9,0.0,0.08336133360782631,183,1016,High,0-20%
1047,0.5812375784584405,235.73,974,8,0.0,0.8517371569131984,0,1017,Mid-Low,80-100%
27410,0.5812247488754864,352.69,913,2,0.0,0.0,0,1018,Mid-High,0-20%
3043,0.5811988528481412,908.15,882,13,0.0,0.41326873313834356,153,1019,High,40-60%
33311,0.5811953162827855,366.32,1094,7,0.0,0.8991319065273555,0,1020,Mid-High,80-100%
24410,0.5810781560617009,746.23,790,7,0.0,0.7903059378465215,245,1021,High,60-80%
39890,0.5805115054582182,357.31,760,10,0.0,0.14835856818967186,244,1022,Mid-High,0-20%
26543,0.5802997166643937,170.06,1094,1,0.0,0.9999999999941198,0,1023,Mid-Low,80-100%
57132,0.5802810660811532,1681.63,821,15,0.0,0.5414211211737769,242,1024,High,40-60%
12977,0.5801766370201694,492.84000000000003,851,7,0.0,0.0,184,1025,Mid-High,0-20%
36708,0.5800046606653251,753.0699999999999,943,7,0.0,0.9915412909809294,61,1026,High,80-100%
51654,0.5799751406640934,252.0,760,6,0.0,0.16658730158664053,303,1027,Mid-Low,0-20%
12370,0.5799021940310333,335.40000000000003,974,2,0.0,0.0,30,1028,Mid-High,0-20%
26103,0.5797409456551229,1974.48,1035,16,0.0,0.8585855516384777,0,1029,High,80-100%
60621,0.5797369044317049,303.24,1004,5,0.0,0.9999999999967023,0,1030,Mid-High,80-100%
30153,0.5795486562834914,89.55,1004,1,0.0,0.0,0,1031,Low,0-20%
19232,0.5794912085104177,475.71999999999997,974,8,0.0,0.9100100899669764,0,1032,Mid-High,80-100%
44207,0.5790530388197546,226.4,1094,1,0.0,0.9999999999955831,0,1033,Mid-Low,80-100%
47596,0.5789117753552842,863.38,851,5,0.0,0.9303666983241095,0,1034,High,80-100%
9480,0.5786635311562772,379.62,882,11,0.0,0.5288973183696094,0,1035,Mid-High,40-60%
42516,0.5785340074910756,566.51,760,10,0.0,0.7661647631978851,303,1036,Mid-High,60-80%
56887,0.5784418170641996,654.67,1094,3,0.0,0.0,0,1037,Mid-High,0-20%
22491,0.5784359528942549,265.31,851,2,0.0,0.6444536579825696,153,1038,Mid-High,60-80%
39490,0.5780837169732467,168.07,821,3,0.0,0.0,0,1039,Mid-Low,0-20%
32727,0.5780773957056811,537.32,1004,3,0.0,0.9305441822360407,0,1040,Mid-High,80-100%
64157,0.5780663673198343,253.39,1035,2,0.0,0.0,0,1041,Mid-Low,0-20%
12351,0.5777044701194286,2520.07,821,6,0.0,0.0,92,1042,High,0-20%
15233,0.5775458028637179,364.73,851,9,0.0,0.35003975543456795,184,1043,Mid-High,20-40%
44408,0.577404735366504,184.36,760,4,0.0,0.5424170101944976,275,1044,Mid-Low,40-60%
26027,0.5773611417194775,1783.73,913,9,0.0,0.8643516675725226,0,1045,High,80-100%
43571,0.5772265148171559,48.22,1004,1,0.0,0.0,0,1046,Low,0-20%
14473,0.5771984981907263,2136.75,913,5,0.0,0.0,150,1047,High,0-20%
11046,0.5771087473502108,244.63,821,7,0.0,0.0,30,1048,Mid-Low,0-20%
64158,0.5770884134380847,3203.7999999999997,760,10,0.0,0.8152038204629455,244,1049,High,80-100%
67226,0.5769160221968932,1853.9099999999999,790,9,0.0,0.8685427016409273,214,1050,High,80-100%
64038,0.5768869609513615,172.43,943,2,0.0,0.16998202168897533,0,1051,Mid-Low,0-20%
34635,0.5768643983568958,1133.42,913,14,0.0,0.9585061142374773,0,1052,High,80-100%
10621,0.5767781664891349,1546.0800000000002,913,10,0.0,0.30066361378434453,122,1053,High,20-40%
26747,0.5767775662535174,724.24,851,9,0.0,0.7085634596256648,184,1054,High,60-80%
51298,0.5766381178713775,382.92,760,4,0.0,0.0,275,1055,Mid-High,0-20%
8066,0.5765804830503545,391.29999999999995,1094,4,0.0,0.8169179657530874,0,1056,Mid-High,80-100%
28642,0.5763959095543194,155.85,821,2,0.0,0.0,0,1057,Mid-Low,0-20%
45907,0.5761333867364777,619.24,913,8,0.0,0.36754731606426017,181,1058,Mid-High,20-40%
63540,0.5758922661250996,1060.77,1004,11,0.0,0.8991393044666618,0,1059,High,80-100%
15965,0.5758647385514161,247.11,1004,2,0.0,0.0,90,1060,Mid-Low,0-20%
41544,0.5757764584208069,2034.98,790,9,0.0,0.46363109219723847,153,1061,High,40-60%
23526,0.5757709345186611,651.46,1004,3,0.0,0.5541552819811589,90,1062,Mid-High,40-60%
724,0.5755662123867842,158.81,974,4,0.0,0.0,0,1063,Mid-Low,0-20%
16921,0.5755103855719768,110.19,1063,1,0.0,0.0,0,1064,Mid-Low,0-20%
35412,0.5754921565152521,524.1,851,6,0.0,0.940278572789658,0,1065,Mid-High,80-100%
11019,0.5754398445977948,604.5600000000001,1035,6,0.0,0.96863834854941,28,1066,Mid-High,80-100%
56100,0.5753221105377009,1052.17,760,7,0.0,0.7142952184526128,275,1067,High,60-80%
36374,0.5753143927516121,1043.01,821,7,0.0,0.9521001716177677,0,1068,High,80-100%
12452,0.5752731124409342,2058.2599999999998,882,16,0.0,0.7680516552812725,92,1069,High,60-80%
33420,0.5752550575750385,541.88,760,9,0.0,0.0,334,1070,Mid-High,0-20%
20575,0.5751710223150479,820.53,882,5,0.0,0.9184429575994559,0,1071,High,80-100%
12498,0.5751452058803942,60.45,943,1,0.0,0.0,0,1072,Low,0-20%
16009,0.5750232925287505,1361.65,760,13,0.0,0.5984357213670191,334,1073,High,40-60%
54817,0.575015394533194,100.77,1094,1,0.0,0.9999999999900764,0,1074,Low,80-100%
3184,0.5749965607077474,129.98,1004,1,0.0,0.0,0,1075,Mid-Low,0-20%
36872,0.5749115388344639,1649.77,760,14,0.0,0.7782236311723585,334,1076,High,60-80%
48976,0.5748659120686872,1237.9699999999998,760,12,0.0,0.6310815286310403,275,1077,High,60-80%
2095,0.5746730066177315,1895.99,851,14,0.0,0.939124151498194,92,1078,High,80-100%
2338,0.5745307335158716,350.18,974,3,0.0,0.8356845051092704,0,1079,Mid-High,80-100%
51191,0.5742934148866529,1864.43,851,12,0.0,0.8359444977817156,212,1080,High,80-100%
38963,0.5739650514118592,2322.56,760,15,0.0,0.9391232088725635,153,1081,High,80-100%
34099,0.5737627138812506,636.42,1035,3,0.0,0.7270356054166635,0,1082,Mid-High,60-80%
7106,0.5736009575321831,1542.92,943,12,0.0,0.6634627848490761,120,1083,High,60-80%
30656,0.5735806620309998,888.16,821,17,0.0,0.6338384975672922,183,1084,High,60-80%
54505,0.573433260270525,1860.67,821,9,0.0,0.49838499035266953,242,1085,High,40-60%
5410,0.5732442925978839,1197.03,760,15,0.0,0.05371628112908305,244,1086,High,0-20%
13920,0.5731775879983751,87.73,851,2,0.0,0.0,0,1087,Low,0-20%
58623,0.5731351948539598,257.5,1094,1,0.0,0.9999999999961166,0,1088,Mid-High,80-100%
55354,0.5730726819682328,373.6,1004,4,0.0,0.9582173447511825,0,1089,Mid-High,80-100%
66774,0.5730076641556482,669.91,821,8,0.0,0.9655326834933565,183,1090,Mid-High,80-100%
59750,0.5729124076070969,1157.22,760,12,0.0,0.8262041789799467,334,1091,High,80-100%
1405,0.5728801066379678,202.48,1063,1,0.0,0.0,0,1092,Mid-Low,0-20%
51155,0.5727213555053328,539.46,821,6,0.0,0.9251102954789511,0,1093,Mid-High,80-100%
14975,0.572661342274475,992.96,760,15,0.0,0.82374919432724,275,1094,High,80-100%
3816,0.5726202262271893,809.85,821,4,0.0,0.0,153,1095,High,0-20%
14756,0.5726013303557496,1250.0,1094,3,0.0,0.9380559999992495,0,1096,High,80-100%
65134,0.5725465853201946,1374.37,1035,9,0.0,0.5112742565680921,59,1097,High,40-60%
45496,0.5725248190273783,337.64,821,2,0.0,0.9999999999970383,122,1098,Mid-High,80-100%
28988,0.5723321356724483,279.90999999999997,851,7,0.0,0.917509199382239,0,1099,Mid-High,80-100%
38371,0.5722780555778377,187.76,1094,1,0.0,0.0,0,1100,Mid-Low,0-20%
16260,0.5722610334661828,2565.31,790,6,0.0,0.20876229383575132,245,1101,High,20-40%
26184,0.5721984367722407,39.42,1035,1,0.0,0.0,0,1102,Low,0-20%
67530,0.5721914758247152,175.82,974,3,0.0,0.15675122284065096,0,1103,Mid-Low,0-20%
68602,0.5721538006910548,212.08,913,1,0.0,0.0,0,1104,Mid-Low,0-20%
64102,0.5721501977801718,3879.95,790,30,0.0,0.925625330223089,245,1105,High,80-100%
36785,0.5721012479902243,352.95000000000005,1004,3,0.0,0.8162912593828693,0,1106,Mid-High,80-100%
58501,0.5720794036447494,1083.26,851,11,0.0,0.7626423942536763,184,1107,High,60-80%
62151,0.5718879618029649,82.11,851,1,0.0,0.0,0,1108,Low,0-20%
48369,0.5718259573884437,180.69,1094,3,0.0,0.8723227627379916,0,1109,Mid-Low,80-100%
8153,0.5718023391379142,1814.0,790,14,0.0,0.4426681367141992,245,1110,High,40-60%
59304,0.5717801123238393,1058.42,821,8,0.0,0.4932729918175268,214,1111,High,40-60%
11262,0.5716118512736066,115.74,1063,3,0.0,0.6645066528368367,0,1112,Mid-Low,60-80%
48600,0.5714806786625014,693.85,943,6,0.0,0.7499315413983572,151,1113,Mid-High,60-80%
60403,0.5714359457296945,1773.56,1004,6,0.0,0.5340896276412785,90,1114,High,40-60%
58226,0.5713887953160641,357.33,851,7,0.0,0.84862731928232,243,1115,Mid-High,80-100%
41504,0.5712660537327349,1678.96,1035,9,0.0,0.8852563491680056,0,1116,High,80-100%
29485,0.5712426505531467,1339.8899999999999,1004,4,0.0,0.9528916552844242,0,1117,High,80-100%
7039,0.5711678793934131,1309.0900000000001,821,8,0.0,0.6427823908206137,242,1118,High,60-80%
31662,0.5707739876246207,1607.63,760,17,0.0,0.7701150140263804,91,1119,High,60-80%
47606,0.570713800275028,61.69,1035,3,0.0,0.0,0,1120,Low,0-20%
5339,0.5706620781501157,863.8000000000001,760,9,0.0,0.897441537391876,275,1121,High,80-100%
37936,0.5705729897753455,479.38,1004,2,0.0,0.0,0,1122,Mid-High,0-20%
44630,0.5705383343017565,1235.48,790,12,0.0,0.9462071421626038,304,1123,High,80-100%
12190,0.5705317222251397,1052.87,1035,6,0.0,0.8127879035390764,0,1124,High,80-100%
7341,0.5704513658145715,1805.44,1035,7,0.0,0.6828861662527236,59,1125,High,60-80%
39756,0.570437671732615,1826.93,851,8,0.0,0.7886673271549601,153,1126,High,60-80%
29824,0.5704275486861344,167.94,913,1,0.0,0.0,0,1127,Mid-Low,0-20%
70302,0.570328503524096,404.68,821,5,0.0,0.999999999997529,0,1128,Mid-High,80-100%
48417,0.5701044174780546,2698.63,760,15,0.0,0.8601846121917935,303,1129,High,80-100%
66968,0.5700725777427981,273.64,821,11,0.0,0.37699166788343447,183,1130,Mid-High,20-40%
61788,0.5700626683314611,202.63,790,2,0.0,0.0,153,1131,Mid-Low,0-20%
12863,0.5699345540665748,1920.04,851,21,0.0,0.5747796920894488,212,1132,High,40-60%
56275,0.569894487870687,1044.73,913,9,0.0,0.9445024073196476,91,1133,High,80-100%
43840,0.5698020328625563,140.61,1094,2,0.0,0.0,0,1134,Mid-Low,0-20%
59234,0.5697367198628358,479.78999999999996,974,4,0.0,0.9571479188791823,0,1135,Mid-High,80-100%
8677,0.5695887815980869,1231.79,821,8,0.0,0.8363195025119248,214,1136,High,80-100%
11721,0.5695695542915141,440.58000000000004,851,8,0.0,0.2764310681368277,243,1137,Mid-High,20-40%
21855,0.5695686118536242,1070.78,760,9,0.0,0.6098358206161771,214,1138,High,60-80%
11268,0.5695283928829051,834.54,821,15,0.0,0.7145133846182155,153,1139,High,60-80%
50304,0.5694207459449704,126.53,1004,2,0.0,0.0,0,1140,Mid-Low,0-20%
16565,0.5693326438235915,936.28,790,11,0.0,0.8447045755534192,214,1141,High,80-100%
42895,0.5692586497317166,1224.09,790,10,0.0,0.8735142023863658,304,1142,High,80-100%
5876,0.569108398941305,413.54,974,2,0.0,0.0,0,1143,Mid-High,0-20%
54975,0.5690788444594728,79.59,1094,1,0.0,0.0,0,1144,Low,0-20%
34326,0.5690553950885828,1204.92,882,11,0.0,0.8797098562552869,0,1145,High,80-100%
34758,0.5689543746444221,151.31,943,2,0.0,0.1821426211077778,0,1146,Mid-Low,0-20%
21810,0.5688403828716013,246.07,1063,5,0.0,0.0,0,1147,Mid-Low,0-20%
26975,0.5688317266396771,255.0,790,2,0.0,0.0,0,1148,Mid-Low,0-20%
10054,0.5688077466234811,211.76,851,5,0.0,0.3003400075543052,212,1149,Mid-Low,20-40%
58709,0.5687644557053024,4239.4400000000005,821,22,0.0,0.8893651048249558,242,1150,High,80-100%
22566,0.568739041255191,211.95999999999998,821,2,0.0,0.0,0,1151,Mid-Low,0-20%
70926,0.5687050783483839,3935.36,760,30,0.0,0.32887461375825117,30,1152,High,20-40%
56600,0.568697463974676,349.0,851,1,0.0,0.9999999999971347,0,1153,Mid-High,80-100%
26170,0.5686286273543094,185.35,760,4,0.0,0.6636093876414157,275,1154,Mid-Low,60-80%
71746,0.5685282670233591,3079.6800000000003,760,8,0.0,0.8839749584369532,0,1155,High,80-100%
19994,0.5683842655684748,26.84,1094,1,0.0,0.0,0,1156,Low,0-20%
29193,0.5683147991554194,541.87,790,8,0.0,0.8214885489124301,214,1157,Mid-High,80-100%
67636,0.5682418559676619,1548.87,821,13,0.0,0.8568440217701571,153,1158,High,80-100%
4210,0.5681309315770858,1228.8,790,8,0.0,0.7582275390618829,0,1159,High,60-80%
48444,0.5681175244150269,2087.45,821,12,0.0,0.9466765671029501,273,1160,High,80-100%
4702,0.568095701022945,946.4,1035,12,0.0,0.8053148774294111,0,1161,High,80-100%
33947,0.5680616137098641,137.28,1094,2,0.0,0.11392773892690905,0,1162,Mid-Low,0-20%
12037,0.5680371497146283,190.43,1063,5,0.0,0.0,0,1163,Mid-Low,0-20%
2111,0.5680039938900038,1161.51,913,7,0.0,0.8083787483527406,91,1164,High,80-100%
21799,0.5679641709492425,444.07,913,6,0.0,0.8736010088479889,61,1165,Mid-High,80-100%
59901,0.5679394554500528,2046.08,821,14,0.0,0.5261768845790359,183,1166,High,40-60%
26009,0.5678929548407664,1272.21,760,9,0.0,0.7554806203372435,334,1167,High,60-80%
24768,0.5678748075076974,325.2,974,4,0.0,0.0,0,1168,Mid-High,0-20%
8875,0.5678106973649415,73.53,943,1,0.0,0.0,0,1169,Low,0-20%
28361,0.5677891445299127,1235.63,851,5,0.0,0.8615685925391408,0,1170,High,80-100%
16117,0.5677731400553501,1820.47,913,9,0.0,0.956423341224543,181,1171,High,80-100%
12077,0.5677604526125892,144.98,943,2,0.0,0.0,0,1172,Mid-Low,0-20%
62628,0.5676332444854132,453.77,1035,3,0.0,0.6140335412199704,0,1173,Mid-High,60-80%
34020,0.5675948892490291,153.07,1094,3,0.0,0.0,0,1174,Mid-Low,0-20%
14422,0.5674622327656444,941.9300000000001,790,8,0.0,0.8611149448463674,0,1175,High,80-100%
3465,0.5671547209134539,146.45,943,3,0.0,0.0,0,1176,Mid-Low,0-20%
23393,0.5669565983111462,341.16,1004,2,0.0,0.0,0,1177,Mid-High,0-20%
71170,0.5669054199685034,320.0,790,3,0.0,0.0,0,1178,Mid-High,0-20%
55669,0.5668687402907334,224.57,943,4,0.0,0.9999999999955471,0,1179,Mid-Low,80-100%
4508,0.5667371507196128,1369.8,913,9,0.0,0.9576726529413362,0,1180,High,80-100%
23950,0.5666030810890453,1395.04,851,13,0.0,0.7384089345103091,243,1181,High,60-80%
23462,0.566512274258274,1424.7,882,13,0.0,0.8711237453492868,153,1182,High,80-100%
43843,0.5665095125590722,705.74,821,9,0.0,0.4900529940197664,273,1183,Mid-High,40-60%
41621,0.5664719090709541,1202.76,1004,4,0.0,0.9999999999991686,0,1184,High,80-100%
15001,0.566429957431903,352.38,851,10,0.0,0.072194789715443,243,1185,Mid-High,0-20%
17631,0.5663095333550531,334.51,882,2,0.0,0.9999999999970106,0,1186,Mid-High,80-100%
43933,0.5660292583162744,188.19,1035,9,0.0,0.40868271427595154,0,1187,Mid-Low,40-60%
50245,0.5659984027540648,46.93,851,3,0.0,0.0,0,1188,Low,0-20%
13492,0.5659302686408334,1121.46,821,5,0.0,0.930269470154147,183,1189,High,80-100%
2973,0.5658907239798264,1340.65,882,7,0.0,0.918278447021282,0,1190,High,80-100%
58471,0.5658406173393825,659.01,821,3,0.0,0.9999848257219163,0,1191,Mid-High,80-100%
44539,0.5657955220368746,265.14,974,5,0.0,0.9556083578450797,0,1192,Mid-High,80-100%
49223,0.5657943074050596,764.05,760,6,0.0,0.7987566258742246,334,1193,High,60-80%
8312,0.5656747443847537,2017.6599999999999,882,14,0.0,0.8558082134745915,31,1194,High,80-100%
33225,0.5655048405898331,1899.61,943,8,0.0,0.3184074625842576,120,1195,High,20-40%
46921,0.5654765597767918,174.48,1063,1,0.0,0.0,0,1196,Mid-Low,0-20%
51387,0.5651895368290997,226.9,851,1,0.0,0.0,0,1197,Mid-Low,0-20%
29516,0.5651288820879828,139.19,1035,2,0.0,0.0,0,1198,Mid-Low,0-20%
46099,0.5650219394555405,2891.6099999999997,913,9,0.0,0.7478428972092545,91,1199,High,60-80%
32074,0.5648154953733614,723.99,821,20,0.0,0.09755659608544653,273,1200,High,0-20%
18866,0.5648145992413245,73.75,851,1,0.0,0.9999999999864406,0,1201,Low,80-100%
10814,0.5648006533519249,441.42,913,2,0.0,0.5128902179318724,0,1202,Mid-High,40-60%
55182,0.5647564615238913,2149.7,790,6,0.0,0.03303251616503092,123,1203,High,0-20%
68575,0.5647150565142122,153.61,913,2,0.0,0.0,0,1204,Mid-Low,0-20%
26548,0.5646199376214835,231.94,1035,6,0.0,0.0,59,1205,Mid-Low,0-20%
40497,0.5645298150003757,337.64,1094,2,0.0,0.9999999999970383,0,1206,Mid-High,80-100%
51323,0.5645100133676101,1355.1,851,9,0.0,0.6273706737505518,243,1207,High,60-80%
24753,0.5644785471276016,233.97,943,4,0.0,0.2641791682683072,92,1208,Mid-Low,20-40%
31260,0.5644654250976753,750.87,821,8,0.0,0.8507464674299802,0,1209,High,80-100%
63639,0.5643888799630435,185.98000000000002,1004,3,0.0,0.5376922249675358,0,1210,Mid-Low,40-60%
30385,0.5643789918499781,121.89,943,1,0.0,0.0,0,1211,Mid-Low,0-20%
49599,0.5643182457937703,461.20000000000005,943,3,0.0,0.43905030355498903,61,1212,Mid-High,40-60%
68263,0.5642733104535662,1174.69,943,10,0.0,0.9192042155794982,0,1213,High,80-100%
5686,0.5640117378068964,951.1,790,6,0.0,0.9233098517496338,0,1214,High,80-100%
39047,0.5639183928885849,570.08,1035,4,0.0,0.9219407802397525,0,1215,Mid-High,80-100%
8233,0.5638015606771,1031.62,974,18,0.0,0.0,0,1216,High,0-20%
2110,0.5637835024731838,288.69,882,6,0.0,0.0,31,1217,Mid-High,0-20%
66662,0.5637450362598043,794.43,760,7,0.0,0.5932429540669496,275,1218,High,40-60%
27522,0.5637394868631131,750.87,1004,8,0.0,0.9232090774689051,0,1219,High,80-100%
37085,0.5636543917868031,299.0,760,5,0.0,0.9999999999966556,0,1220,Mid-High,80-100%
26669,0.5636104704775237,264.81,851,9,0.0,0.7582039953145342,0,1221,Mid-High,60-80%
45236,0.563597180381287,571.44,913,7,0.0,0.862382752343444,0,1222,Mid-High,80-100%
3975,0.5635909044422958,565.1,882,3,0.0,0.6309325783036084,153,1223,Mid-High,60-80%
19871,0.5635839033088674,765.01,1004,5,0.0,0.9999999999986928,0,1224,High,80-100%
57164,0.5632554100627308,565.0999999999999,821,3,0.0,0.5277119093956332,153,1225,Mid-High,40-60%
64236,0.5632460386690158,1000.63,1035,9,0.0,0.9104564124592402,0,1226,High,80-100%
38126,0.5632280905766259,575.74,790,8,0.0,0.08212040157001056,214,1227,Mid-High,0-20%
7749,0.5631640531537166,753.91,1063,3,0.0,0.8245546550638345,0,1228,High,80-100%
59654,0.5631357703175528,71.16,1035,1,0.0,0.0,0,1229,Low,0-20%
51667,0.5630771735666618,1161.45,1035,14,0.0,0.9652933832700803,0,1230,High,80-100%
6286,0.5630755650929696,133.14,913,2,0.0,0.0,0,1231,Mid-Low,0-20%
16806,0.5630398894829467,606.23,1063,5,0.0,0.7700212790512346,0,1232,Mid-High,60-80%
34427,0.5630171496834672,2716.19,913,10,0.0,0.5161568226079486,150,1233,High,40-60%
46250,0.5629911622500695,550.0500000000001,1035,4,0.0,0.8966457594747811,0,1234,Mid-High,80-100%
67754,0.5628798643505256,1366.8,974,9,0.0,0.8410520924781673,0,1235,High,80-100%
49413,0.5627717208089755,420.78999999999996,943,7,0.0,0.38040352669887495,151,1236,Mid-High,20-40%
24960,0.5626906090652699,663.08,882,4,0.0,0.0,153,1237,Mid-High,0-20%
49307,0.5626843062957738,266.27,790,2,0.0,0.8502647688404618,153,1238,Mid-High,80-100%
64964,0.5626728839267031,1407.22,790,10,0.0,0.9336493227775803,304,1239,High,80-100%
47888,0.5626000866356566,56.13,821,1,0.0,0.0,0,1240,Low,0-20%
7176,0.5625452060523957,260.3,913,3,0.0,0.0,0,1241,Mid-High,0-20%
2189,0.5625263793212854,176.51,851,4,0.0,0.0,0,1242,Mid-Low,0-20%
66559,0.5623886074763547,38.36,851,3,0.0,0.0,184,1243,Low,0-20%
22545,0.5623159175630875,232.78,1094,4,0.0,0.9999999999957041,0,1244,Mid-Low,80-100%
11948,0.5620035852851348,129.13,1063,1,0.0,0.0,0,1245,Mid-Low,0-20%
59208,0.5619940422769599,219.66,821,7,0.0,0.9140489847905215,0,1246,Mid-Low,80-100%
3938,0.5619794901524885,740.62,851,5,0.0,0.9640571413127325,0,1247,High,80-100%
18064,0.5619693809989709,23.85,913,1,0.0,0.0,0,1248,Low,0-20%
58574,0.5619241530872278,446.99,851,5,0.0,0.6880467124528781,243,1249,Mid-High,60-80%
60676,0.5618966412114246,95.92,790,4,0.0,0.0,184,1250,Low,0-20%
22226,0.5617835538841147,15.62,760,1,0.0,0.0,0,1251,Low,0-20%
29761,0.5617791555045915,432.25,760,3,0.0,0.0,303,1252,Mid-High,0-20%
13155,0.5617540205216737,904.06,790,3,0.0,0.7849589628998243,0,1253,High,60-80%
18459,0.5616900017136696,384.16999999999996,913,5,0.0,0.999999999997397,0,1254,Mid-High,80-100%
22983,0.5616869507066602,241.53,1004,1,0.0,0.0,0,1255,Mid-Low,0-20%
34868,0.5616868585027341,949.4200000000001,1035,7,0.0,0.6089191295732037,59,1256,High,60-80%
70793,0.5616392843628162,737.5799999999999,821,2,0.0,0.5703110171092353,0,1257,High,40-60%
20606,0.5615443103310911,300.0,1094,1,0.0,0.0,0,1258,Mid-High,0-20%
22562,0.561513017225058,168.36,1035,2,0.0,0.7305773342793385,0,1259,Mid-Low,60-80%
58140,0.5614534148933639,80.48,1094,5,0.0,0.5342942345858064,0,1260,Low,40-60%
7157,0.5614278936660183,1249.81,790,1,0.0,0.9999999999991999,0,1261,High,80-100%
27587,0.561417705728217,865.4,760,28,0.0,0.7362722440481438,153,1262,High,60-80%
63464,0.5613694738673138,2250.1,913,18,0.0,0.5247366783696169,122,1263,High,40-60%
60075,0.5613553833013624,756.93,882,7,0.0,0.0,122,1264,High,0-20%
9775,0.5612649666178325,88.43,1063,4,0.0,0.0,0,1265,Low,0-20%
58880,0.5612600550312256,681.13,760,4,0.0,0.6175766740554408,244,1266,Mid-High,60-80%
20556,0.5612568562977241,212.08,790,1,0.0,0.0,0,1267,Mid-Low,0-20%
16818,0.5612166739565015,777.63,1004,4,0.0,0.5697439656384531,0,1268,High,40-60%
66341,0.5611550497209873,147.97,1035,1,0.0,0.0,0,1269,Mid-Low,0-20%
35683,0.5611116682642677,366.5,943,3,0.0,0.9366712141857118,0,1270,Mid-High,80-100%
24711,0.5609659602154383,1367.86,1004,10,0.0,0.9856125626884435,0,1271,High,80-100%
845,0.5609152477715494,743.09,1063,7,0.0,0.8879408954488852,0,1272,High,80-100%
51037,0.5609070129347403,142.53,760,4,0.0,0.0,122,1273,Mid-Low,0-20%
61580,0.560831322093511,232.12,821,3,0.0,0.8077718421471318,0,1274,Mid-Low,80-100%
25842,0.5607990927682875,82.36,1094,1,0.0,0.0,0,1275,Low,0-20%
7636,0.5606373211233064,9.06,1063,1,0.0,0.0,0,1276,Low,0-20%
68134,0.5605491536784202,339.51,943,6,0.0,0.9479249506614005,0,1277,Mid-High,80-100%
35161,0.5603942827125451,79.38,821,2,0.0,0.0,0,1278,Low,0-20%
17704,0.5603154692397251,1638.15,974,7,0.0,0.514147056130077,61,1279,High,40-60%
33595,0.5603021656330539,966.22,821,5,0.0,0.941121069734697,0,1280,High,80-100%
627,0.5602568901738817,256.31,760,2,0.0,0.0,334,1281,Mid-High,0-20%
41046,0.5602281876189675,1235.52,913,16,0.0,0.18486143486128526,0,1282,High,0-20%
63565,0.5601972472972341,458.93,821,9,0.0,0.45558146122403076,242,1283,Mid-High,40-60%
15651,0.5601505627985007,93.79,943,1,0.0,0.0,0,1284,Low,0-20%
52699,0.5601207358774204,812.63,943,13,0.0,0.06202084589534964,92,1285,High,0-20%
32689,0.5601102353023069,288.32,943,2,0.0,0.8968854051023276,0,1286,Mid-High,80-100%
10550,0.5600270590397338,1075.91,974,7,0.0,0.7805113810627463,0,1287,High,60-80%
20445,0.5600165881576504,1345.88,790,21,0.0,0.3854801319579862,304,1288,High,20-40%
1102,0.5599603220218534,123.28,1004,1,0.0,0.0,0,1289,Mid-Low,0-20%
37061,0.5599291273084122,1221.9,821,9,0.0,0.7600458302637204,0,1290,High,60-80%
55534,0.5599245402490853,261.62,1094,2,0.0,0.0,0,1291,Mid-High,0-20%
63523,0.5599164541603612,238.56,790,2,0.0,0.859699865858234,0,1292,Mid-Low,80-100%
44826,0.5598793752432909,2424.7200000000003,851,21,0.0,0.7151299943908099,92,1293,High,60-80%
32549,0.5598680904961193,587.39,1063,6,0.0,0.1920019067396585,31,1294,Mid-High,0-20%
11293,0.5598336884156369,226.4,1035,1,0.0,0.9999999999955831,0,1295,Mid-Low,80-100%
38071,0.5598182673530075,19.71,943,1,0.0,0.0,0,1296,Low,0-20%
35675,0.5597416984336167,1294.77,790,13,0.0,0.8582605404814305,214,1297,High,80-100%
11301,0.5596523177247722,698.63,760,8,0.0,0.43685498761799973,183,1298,Mid-High,40-60%
47856,0.559641351906733,263.9,760,5,0.0,0.15619552860872984,275,1299,Mid-High,0-20%
18715,0.5595442798723678,68.0,1004,2,0.0,0.0,0,1300,Low,0-20%
10625,0.5595013480145594,362.16,1094,1,0.0,0.9999999999972388,0,1301,Mid-High,80-100%
25583,0.5594951993012187,385.12,851,10,0.0,0.5836882010786673,153,1302,Mid-High,40-60%
27844,0.5594146867291084,1212.28,790,16,0.0,0.41823671099051524,273,1303,High,40-60%
42319,0.5594000725744188,105.48,974,2,0.0,0.0,120,1304,Mid-Low,0-20%
23543,0.5593763583496668,1934.3,913,8,0.0,0.5179237967220607,150,1305,High,40-60%
13302,0.5593672542324994,2528.47,974,4,0.0,0.9555106447768985,89,1306,High,80-100%
834,0.55925558825819,88.59,882,1,0.0,0.999999999988712,0,1307,Low,80-100%
56762,0.5592474822098403,114.63,974,3,0.0,0.7000785134720398,0,1308,Mid-Low,60-80%
50615,0.5591607866579561,412.85,1063,3,0.0,0.9456461184426653,0,1309,Mid-High,80-100%
9795,0.5591305137785789,709.1899999999999,790,9,0.0,0.6504744849749003,245,1310,Mid-High,60-80%
2927,0.5590752864202174,37.449999999999996,1035,2,0.0,0.0,0,1311,Low,0-20%
37854,0.5588338273612586,100.0,1035,1,0.0,0.99999999999,0,1312,Low,80-100%
44290,0.5588122980410156,1624.28,790,18,0.0,0.744502179426734,31,1313,High,60-80%
40013,0.5586845409378984,1441.3,760,16,0.0,0.7325470061744727,303,1314,High,60-80%
24568,0.5586845067232207,854.01,760,5,0.0,0.0,214,1315,High,0-20%
61804,0.5586773622975995,435.95,821,4,0.0,0.5020071109060626,183,1316,Mid-High,40-60%
14005,0.5586520591169161,215.24,913,3,0.0,0.0,0,1317,Mid-Low,0-20%
47313,0.5586105561152276,134.08,851,1,0.0,0.0,0,1318,Mid-Low,0-20%
25664,0.5585719344105603,163.23,1094,1,0.0,0.0,0,1319,Mid-Low,0-20%
1153,0.5585491835174674,244.26,790,8,0.0,0.0,214,1320,Mid-Low,0-20%
23626,0.5584433782446744,854.92,974,7,0.0,0.9196416038916861,30,1321,High,80-100%
61556,0.5583032753466618,569.44,851,7,0.0,0.0,243,1322,Mid-High,0-20%
10146,0.5582875440631077,82.44,790,2,0.0,0.0,0,1323,Low,0-20%
6776,0.5582220167667789,342.34,821,3,0.0,0.0,0,1324,Mid-High,0-20%
35539,0.5581274304335212,811.47,821,9,0.0,0.7718584790555759,183,1325,High,60-80%
13858,0.5581088872951051,890.0,1004,4,0.0,0.9999999999988765,0,1326,High,80-100%
38717,0.5580518718955474,510.87,913,9,0.0,0.9149490085522444,0,1327,Mid-High,80-100%
29220,0.5580250721640103,318.86,974,7,0.0,0.0,0,1328,Mid-High,0-20%
56164,0.5580079733821949,641.4200000000001,851,7,0.0,0.9382152100013436,243,1329,Mid-High,80-100%
6274,0.5579594693617372,296.52,1063,2,0.0,0.9999999999966276,0,1330,Mid-High,80-100%
27200,0.5579125561305979,76.12,943,1,0.0,0.0,0,1331,Low,0-20%
19946,0.557825293030052,523.25,821,5,0.0,0.5682943143801849,153,1332,Mid-High,40-60%
11828,0.5577400934414612,861.9300000000001,913,13,0.0,0.9532792686169953,61,1333,High,80-100%
42600,0.5577302559663523,532.59,851,2,0.0,0.9698266959556697,212,1334,Mid-High,80-100%
37796,0.5577168361670509,1176.4,851,9,0.0,0.7939391363475059,212,1335,High,60-80%
23966,0.5577132249336679,344.31,882,4,0.0,0.5636490372032075,0,1336,Mid-High,40-60%
8273,0.5575431205463786,1419.27,851,8,0.0,0.476921234155251,243,1337,High,40-60%
23657,0.5574084579357793,5.76,1004,1,0.0,0.0,0,1338,Low,0-20%
8614,0.5573241551593868,63.02,821,3,0.0,0.0,0,1339,Low,0-20%
58967,0.5571446806121405,826.15,790,9,0.0,0.643321430732139,273,1340,High,60-80%
65377,0.5571297525564363,513.01,790,10,0.0,0.0,273,1341,Mid-High,0-20%
14511,0.557125528648052,565.56,821,15,0.0,0.20245420468172706,273,1342,Mid-High,20-40%
70805,0.5570153990308981,412.15000000000003,790,2,0.0,0.0,0,1343,Mid-High,0-20%
17395,0.556949746619836,333.35999999999996,913,4,0.0,0.0,0,1344,Mid-High,0-20%
45719,0.5569353941078378,1986.56,1063,5,0.0,0.9141380074093337,0,1345,High,80-100%
44080,0.55686956484257,350.03000000000003,821,11,0.0,0.573522269518117,183,1346,Mid-High,40-60%
24458,0.5567846888195871,1270.5,1063,5,0.0,0.9028728846903559,0,1347,High,80-100%
8839,0.5567493937973809,1056.09,851,19,0.0,0.8319745476229944,31,1348,High,80-100%
14131,0.5567413133471585,253.36999999999998,943,4,0.0,0.9999999999960533,0,1349,Mid-Low,80-100%
11991,0.5567347938855087,484.0,943,5,0.0,0.7559090909075291,31,1350,Mid-High,60-80%
36931,0.5566666095627528,684.46,790,6,0.0,0.7372088946019676,214,1351,Mid-High,60-80%
4600,0.5565885875644199,262.11,1063,2,0.0,0.8971042691965315,0,1352,Mid-High,80-100%
28373,0.5564710048078656,311.7,851,2,0.0,0.0,0,1353,Mid-High,0-20%
21199,0.5564246911212407,464.79999999999995,851,8,0.0,0.5525387263327184,184,1354,Mid-High,40-60%
62679,0.5564112223193856,576.4000000000001,1004,4,0.0,0.9671061762648038,0,1355,Mid-High,80-100%
725,0.5563871576421335,973.9100000000001,943,6,0.0,0.8300561653532359,0,1356,High,80-100%
32516,0.5562506310573184,332.4,790,5,0.0,0.0,273,1357,Mid-High,0-20%
51093,0.556180105637683,189.04000000000002,913,2,0.0,0.5335907744364494,122,1358,Mid-Low,40-60%
52409,0.5561719534436524,1823.3700000000001,882,26,0.0,0.8304567915448701,212,1359,High,80-100%
19202,0.5561579170513287,53.18,882,1,0.0,0.0,0,1360,Low,0-20%
22438,0.5561100948446707,1587.44,943,3,0.0,0.8849783298890762,0,1361,High,80-100%
69625,0.5560730396618694,632.05,851,3,0.0,0.9999999999984178,0,1362,Mid-High,80-100%
53902,0.5560219443694836,15.22,1094,1,0.0,0.999999999934297,0,1363,Low,80-100%
26918,0.5559953781288228,897.25,790,6,0.0,0.9074393981600364,0,1364,High,80-100%
53953,0.5559686027887193,706.5400000000001,790,9,0.0,0.4079316103824159,245,1365,Mid-High,40-60%
56335,0.5558980871109314,1348.76,943,10,0.0,0.655542869005119,120,1366,High,60-80%
56466,0.5558811337949887,984.8,851,6,0.0,0.7537571080414767,184,1367,High,60-80%
67499,0.5558540265561113,537.99,851,5,0.0,0.18286585252479995,0,1368,Mid-High,0-20%
13963,0.5557791320393725,303.24,790,5,0.0,0.9999999999967023,0,1369,Mid-High,80-100%
66610,0.5557341539115146,275.63,1035,2,0.0,0.0,0,1370,Mid-High,0-20%
56626,0.5556509806955444,130.0,1004,1,0.0,0.9999999999923078,0,1371,Mid-Low,80-100%
28335,0.5556430659237835,283.76,851,3,0.0,0.0,92,1372,Mid-High,0-20%
56242,0.5556388713205037,235.0,1004,2,0.0,0.957446808506564,0,1373,Mid-Low,80-100%
8656,0.5555944491640935,560.6,943,4,0.0,0.524295397787149,0,1374,Mid-High,40-60%
30969,0.5554689066511451,192.51999999999998,882,2,0.0,0.0,0,1375,Mid-Low,0-20%
17323,0.5554244599628102,299.0,760,5,0.0,0.9999999999966556,0,1376,Mid-High,80-100%
25492,0.5553990273544219,395.08,974,5,0.0,0.9365191859852777,30,1377,Mid-High,80-100%
64950,0.5552730993231834,2784.6600000000003,790,11,0.0,0.776360489251551,214,1378,High,60-80%
67679,0.5552664613574901,1711.56,790,20,0.0,0.896106475962925,184,1379,High,80-100%
34969,0.5552401713208868,388.78,821,8,0.0,0.6605792479019997,273,1380,Mid-High,60-80%
64980,0.5551886169384129,718.3199999999999,790,13,0.0,0.7516288005335343,304,1381,Mid-High,60-80%
24594,0.5550789814881655,655.96,790,6,0.0,0.0,273,1382,Mid-High,0-20%
32215,0.5549918818699321,278.51,821,6,0.0,0.20096226347276233,214,1383,Mid-High,20-40%
24310,0.5548116769382127,300.06,821,4,0.0,0.7665133639913134,273,1384,Mid-High,60-80%
12809,0.5548025621082423,300.58,913,2,0.0,0.0,0,1385,Mid-High,0-20%
24073,0.5547415140270285,43.85,1094,1,0.0,0.999999999977195,0,1386,Low,80-100%
53723,0.5546688975033668,205.09,851,1,0.0,0.9999999999951241,0,1387,Mid-Low,80-100%
55370,0.5546664748839323,554.89,790,4,0.0,0.15965326461071627,304,1388,Mid-High,0-20%
2884,0.554652577531908,295.56,821,3,0.0,0.0,0,1389,Mid-High,0-20%
42170,0.5546389710563592,15.11,1035,1,0.0,0.0,0,1390,Low,0-20%
57255,0.5546199119448065,1529.5,821,14,0.0,0.7847074207252144,30,1391,High,60-80%
17345,0.554619385385424,898.69,913,6,0.0,0.7310529771103149,122,1392,High,60-80%
46554,0.5546040507551158,3177.68,760,20,0.0,0.6010894740815308,334,1393,High,60-80%
20212,0.5545445231292141,391.31,821,8,0.0,0.37218573509398634,214,1394,Mid-High,20-40%
42538,0.5544858132861608,589.87,821,11,0.0,0.8945869428842039,92,1395,Mid-High,80-100%
4273,0.5544331824294142,1724.84,851,7,0.0,0.9673882794920298,243,1396,High,80-100%
66887,0.5543868513831632,537.26,1004,5,0.0,0.9771805085043048,0,1397,Mid-High,80-100%
57278,0.5540653413641518,188.98,821,1,0.0,0.0,0,1398,Mid-Low,0-20%
59528,0.5540552840960519,206.96,1035,1,0.0,0.0,0,1399,Mid-Low,0-20%
53483,0.5539875830498989,287.94,821,6,0.0,0.38633048551647453,214,1400,Mid-High,20-40%
66607,0.5539297802763126,1491.6299999999999,790,12,0.0,0.7176846805168052,245,1401,High,60-80%
13885,0.5538482214875732,210.22,1094,7,0.0,0.39201788602230037,0,1402,Mid-Low,20-40%
16584,0.5538434296091803,384.02,1063,1,0.0,0.999999999997396,0,1403,Mid-High,80-100%
58319,0.5538398742500259,3680.91,790,18,0.0,0.8836537703989276,245,1404,High,80-100%
44265,0.5538072780165034,1214.09,790,12,0.0,0.2556153168214419,273,1405,High,20-40%
4911,0.5537613032635125,801.39,943,6,0.0,0.5526647450048632,92,1406,High,40-60%
71031,0.5537030130682747,178.02,790,4,0.0,0.0,0,1407,Mid-Low,0-20%
62770,0.5537020274575082,264.06,943,1,0.0,0.999999999996213,0,1408,Mid-High,80-100%
66759,0.5536599585129047,518.63,760,9,0.0,0.9583132483640393,244,1409,Mid-High,80-100%
23998,0.5536309507131235,3613.4700000000003,821,18,0.0,0.3837917569537359,242,1410,High,20-40%
15629,0.5535866852120032,115.99000000000001,882,2,0.0,0.0,0,1411,Mid-Low,0-20%
49795,0.5534396143342434,557.13,760,3,0.0,0.0,214,1412,Mid-High,0-20%
47545,0.5533607582370315,882.92,851,6,0.0,0.9579690119139243,212,1413,High,80-100%
60970,0.5532603820553949,210.87,821,4,0.0,0.9999999999952578,0,1414,Mid-Low,80-100%
55033,0.5532489092698181,212.18,974,2,0.0,0.0,0,1415,Mid-Low,0-20%
3382,0.5531512698350011,1116.47,760,10,0.0,0.867081068008216,303,1416,High,80-100%
57852,0.5531229574878989,662.09,1004,7,0.0,0.8419399175325984,0,1417,Mid-High,80-100%
7889,0.5530298407227929,12.06,913,1,0.0,0.0,0,1418,Low,0-20%
64421,0.553027036544065,171.98,821,3,0.0,0.19420862890920917,0,1419,Mid-Low,0-20%
9075,0.5530013069930776,188.14000000000001,913,3,0.0,0.0,0,1420,Mid-Low,0-20%
9951,0.5529400447946949,325.86,1063,3,0.0,0.7158288835674343,0,1421,Mid-High,60-80%
3960,0.5528593721225302,109.54,821,1,0.0,0.0,0,1422,Mid-Low,0-20%
48110,0.5528185184385676,616.42,851,4,0.0,0.9662405502725964,0,1423,Mid-High,80-100%
62688,0.5527928594230423,636.42,790,3,0.0,0.8244084095395738,0,1424,Mid-High,80-100%
19707,0.5525745307238363,545.77,851,16,0.0,0.06314015061277986,212,1425,Mid-High,0-20%
24006,0.5525222142539519,39.28,821,1,0.0,0.0,0,1426,Low,0-20%
57233,0.5525010356644727,485.52,882,5,0.0,0.9170374031946841,0,1427,Mid-High,80-100%
49655,0.5524444475169636,252.43,882,4,0.0,0.0,0,1428,Mid-Low,0-20%
7293,0.5524257859461897,354.78,913,3,0.0,0.8152939850024937,0,1429,Mid-High,80-100%
19676,0.5522393846110355,261.1,1063,2,0.0,0.0,0,1430,Mid-High,0-20%
12364,0.5521980348297026,436.1,821,8,0.0,0.6998394863547355,273,1431,Mid-High,60-80%
34486,0.5521593675648179,299.0,760,4,0.0,0.9113712374551459,0,1432,Mid-High,80-100%
66523,0.5521449787948493,956.95,851,9,0.0,0.5935210826055766,184,1433,High,40-60%
54691,0.552108131130838,531.42,790,6,0.0,0.6704489857350675,304,1434,Mid-High,60-80%
18843,0.5520877143163374,110.53,913,1,0.0,0.0,0,1435,Mid-Low,0-20%
53958,0.5520186705271984,730.09,851,9,0.0,0.09046829842883691,0,1436,High,0-20%
16694,0.5519935677483937,164.39,974,2,0.0,0.0,0,1437,Mid-Low,0-20%
4499,0.5519797803846724,399.99,790,3,0.0,0.9999749993724845,245,1438,Mid-High,80-100%
9368,0.5519716006247658,1542.57,913,6,0.0,0.727571520254687,0,1439,High,60-80%
5583,0.5517123193836699,1686.6399999999999,760,10,0.0,0.927198453729944,303,1440,High,80-100%
48396,0.5516915961588099,100.85,1094,1,0.0,0.0,0,1441,Mid-Low,0-20%
55021,0.5515473024195973,280.62,1094,3,0.0,0.11902216520519199,0,1442,Mid-High,0-20%
43070,0.5515361662364268,288.84000000000003,974,3,0.0,0.0,0,1443,Mid-High,0-20%
14925,0.5513873579014674,313.62,760,5,0.0,0.7425546840101315,214,1444,Mid-High,60-80%
66709,0.5512757755824859,761.98,943,13,0.0,0.06677340612605741,61,1445,High,0-20%
19786,0.5511858758767999,843.71,821,6,0.0,0.35557241232134795,122,1446,High,20-40%
9737,0.5510675884081379,997.94,913,6,0.0,0.9999999999989979,0,1447,High,80-100%
40694,0.5509993028391335,980.09,821,6,0.0,0.6818149353623832,214,1448,High,60-80%
9697,0.5509536804734908,107.30000000000001,913,2,0.0,0.0,0,1449,Mid-Low,0-20%
16779,0.5509379607953152,1927.3600000000001,760,17,0.0,0.8505364851398542,303,1450,High,80-100%
28965,0.5508086369726333,65.48,913,1,0.0,0.0,0,1451,Low,0-20%
28896,0.5506787968151895,140.53,1063,2,0.0,0.0,0,1452,Mid-Low,0-20%
29529,0.5506535028044276,407.36,790,11,0.0,0.4284416732118312,184,1453,Mid-High,40-60%
22555,0.5506508736856918,286.23,821,2,0.0,0.9999999999965064,122,1454,Mid-High,80-100%
66002,0.5506189748935866,1853.96,821,7,0.0,0.8210802822062929,214,1455,High,80-100%
14817,0.5505885393462886,1102.2,790,14,0.0,0.8792324442017064,184,1456,High,80-100%
41359,0.5505867102584839,66.95,1063,1,0.0,0.9999999999850634,0,1457,Low,80-100%
61450,0.5505692338264591,36.14,1063,3,0.0,0.0,0,1458,Low,0-20%
8962,0.550551188551557,747.08,1035,4,0.0,0.7063500562179333,0,1459,High,60-80%
28942,0.5504610508064035,196.3,1004,2,0.0,0.9999999999949059,0,1460,Mid-Low,80-100%
13037,0.5504491118800865,150.59,943,4,0.0,0.0,0,1461,Mid-Low,0-20%
19953,0.5504182680567994,128.2,1035,2,0.0,0.8393135725363549,0,1462,Mid-Low,80-100%
71083,0.5503864788516647,589.8299999999999,790,4,0.0,0.944272078393869,0,1463,Mid-High,80-100%
369,0.5503858458365031,469.85,790,3,0.0,0.9428753857594065,0,1464,Mid-High,80-100%
21036,0.5503499814600945,252.56,913,4,0.0,0.0,0,1465,Mid-Low,0-20%
36376,0.5502554323868984,238.1,1035,2,0.0,0.9770684586267238,0,1466,Mid-Low,80-100%
12149,0.5501751619589444,63.16,760,3,0.0,0.0,275,1467,Low,0-20%
63825,0.5501511579956911,491.03000000000003,760,10,0.0,0.5794757957750454,275,1468,Mid-High,40-60%
44790,0.5500824707335001,164.79,913,3,0.0,0.0,0,1469,Mid-Low,0-20%
